DW_LOCALIDADE;id_endereco;nm_cidade;uf_estado;sg_pais
28b5c1631ecc7943376d69183d6ac553a9b04d2f41b47054c61ccda435de1072;10008638;Milesburg;PA;US
2d1b2ad4765cd30ce568efac942a95e45563f688173c7e7de7a3df2d7bb122f2;10020914;Calhoun;LA;US
aa28d50639e26669db5daf099311f5a736826cb9e5ec96c6ac04149cff4358e1;10009631;Corona;CA;US
989116c8fcab6d31e06c6d31d072123de81d4fc60681ca34050a96dfa9baaeb7;10025032;Montreal;QU;CA
949e117f30998aafafe9b28cb1f510340e27696d7d9fbd70d10a56f706a8795e;10025814;Houston;TX;US
a4e3ceaffcb0fa66c4d6cb347163fdca3d1cced7e72538b8ad7621d6ce9348a3;10010698;Gardena;CA;US
4690b822057b075bbfea16f20cf4b5a2f81260a89ebfc95092e9748f3ac0bec5;10026581;Savannah;GA;US
adc11afc0336f9d3c5098bb48176c7c87f4a86408f55c73417cb7f5ac3dde9ed;10002765;Hialeah;FL;US
7716b8ea2bf2c6dd8834289922397e709329efec03f88e2c829e6193b14f9e3d;10009633;\"\";"";UK
1b5d38690b7b524a4c9ee3dae690411044f04e688dac3bd5fec745d4638272d1;10023509;Tampa;FL;US
ecc545ffddd31244c9a23171a45d779d52ea35a115cf357973e21cdf47e76a19;10025021;Depere;WI;US
a406508ae139a66b369e50b542d589212d85dee42b1877fd4409990b7d57c819;10006037;Miami;FL;US
524c915f13f9093db81dfe598a4825d089faf52bc13daccc8cdac5186d0aa0a7;10026081;Bremen;"";UK
6e33864759c383fa81e7537ea03853824c611d2771a8409f169e9a31f7ce6a96;10010923;Seocho-GU;"";AU
8bbba48d5dd95dca2cf906e8f2796b5113c0c93668843e693f47ee3468b16ad5;10024541;Bedford;OH;US
bd12f25f50c20de8b814791bee037f01dcf39d787fc2064f87ef71266b73f578;10025304;\"\";"";UK
137647c34bc81e0437f4975d9c293784614dea5c9c8e9b7b7b790429e7c87896;10000471;Jeddah;"";AU
a0c82c25375efa2eeda6ad262a04ca7deee70e0a60844cb23fc20feee3a389c9;10013472;Indianapolis;IN;US
15fb8e0a8eb18c3b1901110ed4b49adf6bd4d8755deaae5ba55a46d315b4a913;10022434;Placentia;CA;US
46fcfb2e3dfd9d237b9996b8fa3a815cc3317c362e068fdc64d70c07947e4806;10012715;Exeter;PA;US
da8d8128053d6813f268b0323747a0d417dd4ad092cb180feabb96ac7f3cd253;10022750;Watervliet;MI;US
ab65ea17bfe1a7c690fe1934e2313a4dc2bae26f177a5b43f29664f8b3976719;10022249;Shelby;NC;US
48cd8096f14ed642d40556e673a375d6ad8526a568b157ea7320f3c0df71c245;10012226;Troy;MI;US
26033e7c99495d8b158c73024266575f987f0a2a6b2b3be34fba4cd9616a858f;10021412;Clackamas;OR;US
84fd789c66a4f6ca99b2f322fe57f5ba3f5c2e0758e171de9c256da3b2ee8750;10004516;Lighthorne Warwick;"";UK
0ac27caa4f118f44e9b7730aecdde9c1b5b998b6cabd6a840c04cede0e6f5c9e;10016045;Monroe;WI;US
9fe9b04181e7338d6771cf45d69a759760a43de8fb5d6ed1ff739a81ea28fe96;10019900;Sacramento;CA;US
31de208b4a117fc93aa9a6f9ff8884a2660a7fdc041da2ab49627e660c7a7c56;10027348;Tampa;FL;US
75a450f53af5a91f7ebcb2824fa47cf343d1e1d8a74b75bb6eda5a7f8e7ae85f;10023022;Surrey;BC;CA
ea54cce8c422a8e0b5ffcfbbdd12ae0be1e5fc67b47fde15f7968489fd4d21eb;10024009;Tulsa;OK;US
40bd1a53c3b78cdf8eeb89cf61317fcb13a2ac42ec04c1b6fb66b59f10da4ebc;10020639;Tulsa;OK;US
5753afa139eca5b1e43888feeed9a6886af622bb73a1d566a54343e219b892ed;10007564;Cleveland;TX;US
e79d4eba645a2c65e85ee3d38f8a57bb53b6a1f47a0a10e5b97d87cf535c8372;10024260;Spokane;WA;US
865ef0860b713e13ab56a5453306bbfa398b883bd670fb416001873a08e3f996;10024016;Kanagawa;"";AU
3366db7510b6808d61fefe23a599eca41f1f9b630c253f892d07576ccbb16495;10026839;Greenwood;MS;US
cec2c49cfe9479ced4ddab660c75606dfa04ebd65e96afa7d563018493fb4995;10025495;Birmingham;AL;US
2a1967206d15df8983c8f8842f73c505ffa75c815402daf1ae893ded91545803;10020915;McHenry;IL;US
2e16913375c60f21e79f497b4dc032023427c7fe7d6a83265f2c63abb449bb60;10019665;Hammond;IN;US
f64282b12d121d2379d9bc17872f1c30b892f6b9f962997d29b3e97bc827cce5;10007120;Rexburg;ID;US
646bd04f0973bd611322ee5f0de352537d8dce358a2fc0b0e19437e3db0923cb;10013232;Milwaukie;WI;US
771815c5283b5ad6131c768caa49990d76bfa439c709651260e8a43127aee312;10021422;Brea;CA;US
4abbab24cf0fa9ae823f52ab34c30134e584f9c5e1b737e17eb3f4c549768854;10025039;Mentor;OH;US
9f3c34a75d5a7440c5679cc2f7c4074e06079c4800c87b5c1f65ff6b89cbe0b3;10019400;Valparaiso;IN;US
50de5c1636caba6f5aa361c0e87abf1bce69a22341cd22608a30ce3a9112ac9d;10000481;Chicago;IL;US
fc59acaf9033df3a7917ddc000f38b64dd20eed014000b90448c8ca6b76afa2b;10012422;Saginaw;AL;US
19102ed0d4309e3d4dcf0d61a285792bd667349d3c262f54493e0664d70a0fba;10007355;Amarillo;TX;US
5248784c0bf57618792bdf51a09d8ec14c291eec442d9de6da8c535d07bd8262;10025049;Milwaukie;OR;US
2a9d6a0e415e6c32a8d9b82fabea121f1532c4dc2e586043b0c35cbe5e77dbc8;10008593;Highland;IL;US
53f8fdbf539758ce89a5593cdc6128d1656638ebf1150464c93029d03c6ec46e;10009156;Attica;IN;US
1a6075ab809c332574e007eec06cbe95e9a81f89a99d91415f437eeffded187d;10007591;FIN 00710;"";UK
c23f6cc98b32781b66886af95545f245ce7712040b8a760b72eae30d148e1f35;10025248;Kent;WA;US
939d939ae3221306bc9009ce7978935be392be204aca2f9ac69363cd01128278;10014047;Fresno;CA;US
16e4e1b69fe80a008e67ddcda062492a44ea2800489dcd395e6c64f0c9f67c14;10025769;Redding;CA;US
b4e6f5b416d7281042ae4ce4d449d2800865da72f65d3b522457dad339911869;10005006;Boise;ID;US
3ee5ddf9f1882f7b180ae8684a01b6c64e6f00ad2cbb32caafd79169a5d07cb1;10025022;West Midlands;"";UK
0f8f5a7b36a04b56599469656b985965bee987355d98e05a69fe0608868ddaa9;10025264;Tuscon;AZ;US
2e28126255c88a1731da32f3eb869075af4a90cd03a8b4b45cb3571ee3676515;10007123;Little Rock;AR;US
2300e3c9395ea6af117d0c1f3b2a9b6d310de831015b933d6cddaf0ce65d9c14;10002526;EE 0026 Tallinn;"";UK
7a7e4edb2a18b60beca519c90d619534fa35c3aa2a5ede98879cc5a008368d93;10000480;Phoenix;AZ;US
cfce68ddd510d4c4ba7a192cc598b9de848257062a113ca5b4eb4b6ffdd6c1dd;10020393;Fort Collins;CO;US
4736f5892d57c35cb9d8665995b54548a1d1ce6aaebd0b09e3be2632f0a86748;10020193;\"\";"";UK
f9fd76a5338ce16f15de70b61891c7562c0ef89ab61637bf4589a8f8d19de0b7;10009657;Lewiston;ME;US
8290c0b5cf3ba68b68913a9369982efe2ce54d7c9e5e1b9af7a6345aba4ed338;10022746;A 5102 Anthering;"";UK
01bf630371e5b0cd5f02c359c9b6a9442ff32b4adeb870ca6837c5c0497e2e12;10016564;Traverse City;MI;US
80c5a125493021661d6beff71bed7cdcd7a2ebb54676c8d4f98735f69f4fc4cc;10018628;Tigard;OR;US
52cce8d06e46aa4c9c0274335a67089cd48e92af64094065c5e04bcaf4aef59b;10025758;Oklahoma City;OK;US
5ddc0a1d91be3d251d3c1870d3d4d8cab53d8a0dc617a3995346579f3105ed28;10010974;Chippewa Falls;WI;US
58dc10aeddb1fbd0afb90d4adf37d07f9d47a4fcc6620d77ee6179be47665f43;10018363;Panama Rep De Panama;"";IR
f8fe19d8f2fe4a35fc0908b15c93d12dce2ae4a12afbd381b5690a39c12fb347;10022470;Ormond Beach;FL;US
453a4315f4306f72c2188540279297e5c310af2e0d9e14ed2c223da1e738e33b;10020445;Rapid City;SD;US
23bcf12884294e5629fffda30d57eb354457ecb235c067a05c8c6defee4b584f;10020684;Montgomery;AL;US
e34cafe5fccfec56d873d00cbbbb6473d977a8d40f692dc43a1ff8835ce8a012;10025288;Furstentum;"";AU
6372307b6bc1668e0d968bff28fc8d5cc7496c818a5e945d6996d4451792a22a;10024006;Columbiana;OH;US
a5685027ffe6c9c2a9fb26d18154b6ed165b94ee67e39a6b8d49b3592a877873;10025247;Pittsburgh;PA;US
abb5f5d28279b0aafa759fc892ac5fef4980b978ad1a4c37f053c4c0af594eac;10024003;Benicia;CA;US
0505449366c1a8ffd864763d7ad5760b97c9bfdfa4a6c8aa87e096cc1bf004f0;10018871;Livonia;MI;US
eee213de9c91dc561a63dc106ba3a7a1d734ef874e4d52816c2567a069f0e482;10023524;Clemson;SC;US
d1db2de8832d5612be816f75b2dd2d08f34e85d2e9e8e3edd5fdc625ed0bded7;10021145;Brookhaven;MS;US
b80c5419eed7a8791399561819e05cab6c577607cfa5ac44a03786d49e244111;10022678;Richmond;VA;US
c910f3fbbf1ef62eb7f32162f0a1e051d34d1260ce81c9fdd7eddeadd68fc802;10009679;Meridian;MS;US
44a85630ed2d64b11768b76b8dc5d005e319604abed5eb1113e757b40d28c646;10016303;Buffalo;NY;US
b779b742bbfc77188e548372b293d5500e7251bab4ed870da508777f1af00efb;10000455;Huntington Beach;CA;US
ae7a3213558f6b402a741cb8f9de16e2368006c7512cb91a9fdedaf3b873af6c;10011198;Framingham;MA;US
2819f577d04ca72467e4f65f221fc261d501ffa36a10b1877e3b0de55fa6cfd7;10025252;Elkhart;IN;US
495f094229e1f204873920b95273b78406733743f0d99fd2cd48bfd4eb9060b0;10014803;Grand Rapids;MI;US
426dda749e7bb3317a5afef618e4f455773b50037a2780f3e545c2eee486fab6;10022725;Norcross;GA;US
6b45d2a08c683c18163abe8ccd71808cdbc1ae2b24ff494e6bf7323b78861917;10002501;\"\";"";UK
65d1233ea9cf625f6f2a8ed7c7f90de5019c703f9a37c46ceca0c73c03e05a68;10011521;Okolona;MS;US
d35852ba67162a93186175f9953ce868c29753cbfe06345781f0183265b8ccac;10019897;El Paso;TX;US
65e71baaf1940ef0ffdea30d6336cb697decfdbf0c524203b65f1f96878af6bc;10020663;Sparks;NV;US
c6c19542ce49b72e71a82d87835315ea69c9b59d4adf220db8260334a4583730;10023516;Miami;FL;US
29b13b620ef5eb8af74d1a5dd4ead87e6745988b7796126939e0720ec9c21197;10006805;Miami;FL;US
a31d971550dd7cb1c99630c7e6992ebd65763ebec7e64a2bd5bbaaadf76885d6;10005043;San Jose;"";UK
ca129a12d777fc81a3ab2ede8e8ebf455c1c5dccb8333ad9edff4bb2aba30c37;10023471;Odessa;TX;US
a7cff9be56684bfdc2e85efb505472fe376eb5226626dbd329543b5a1f5999c2;10025250;Ooltewah;TN;US
e3ee2058d7647aa402fca136929554f840750f7b7ab7dcba830ba07e3c300923;10027370;Madrid;"";UK
8dd2f7dc223639c5e3a541479f07e3d009080d634778fbbe75535cd01e2808f6;10007577;Stewartsville;NJ;US
82761fd528ba0b5c601a19287ae8174c035660c21ff8a23ff7fec4a13a458b1d;10025034;Corona;CA;US
6a5d29bed8b59f9985ee0e48b4c5738f3730921858c35dc8bedd4ec232abf129;10019410;Edmonton;AB;CA
a119db18afe4aa1813de51ba37f910e98bf7d9f387723040ff0c1cb629c10640;10000456;Edmonton;AB;CA
4fe6ab0f6f803d344fea36712487cc938b59f31781a06af73f82f9931f5ebdca;10018885;Pocatello;ID;US
02d23e2da6e785be2991ba622ba5aad678ad6796140adb3f5a29d51f043aca34;10022764;Ocala;FL;US
81eb518fde8ff9111228f0a4671037e2be0c9041dfe87390d66cca48f19d41e6;10007866;Sao Paulo;"";UK
6455a57534217ce41f4bde96fcf71ab1cc4d4733d28f0cd77a48e15a0533bf68;10026299;Dallas;TX;US
a760ad18e862f65e84954a32136a6114237fef25092e9b0a2c7c0c885036c6d5;10023780;Asuncion;"";UK
909b80cce74e407071a7c7078451f1fe9006974e62ff282df3dbf57fb635691e;10011981;Missoula;MT;US
b61938c159628882fdee0d1dbfebbc9cc662f392c827c3ab60591c5789912f03;10009907;Elizabethtown;KY;US
026c7b1f987f762c1336b2069b55a253d20af5270f0d9f405534c05efac58531;10006093;Evansville;IN;US
7499e5e4ab4c7dfc12e232aee6d574966fc7e6540267d71d0e9b0fc8074d8867;10010717;Waterville;KS;US
7bf235f55ed65005ea003d9c319b32e05c8afefd510206a72f897c0551b63736;10027575;Dallas;TX;US
8347d62fe9c43ca8a967d9d3270dcfd1455d22ea3eb58d3e76653acb6c91da26;10021977;Overland Park;KS;US
dc1bd452d33b73d0041efd5e5442361be082bc3a2e245df00dd9d23e567f2f16;10022730;Warren;MI;US
c06524ce1272fa53fff514cf505964cbc6705e5b90588a699e27bf29978c0fd2;10025291;Dover;OH;US
93608b2abd9b5f31c7bd67fb8aab3796a65f3e8fc44d30ebb6b9dd5bb0cde38d;10025583;Nesquehoning;PA;US
a5bcd64e16a8b56a5f3c1d1c37d7f908cfe603f8bed78e5a426af72d67ab007d;10021223;Wayne;MI;US
9ef5620c302d59271b32a89a334a9595fbb698a7877098d27fdb8199d34cf949;10025571;Des Moines;IA;US
912e0dc54623927bc7dc62fb25aa8347da00f348d9cf25de96df7dba1a1bf6e5;10009672;Phoenix;AZ;US
e6b451f0afb2c77554e55ab0a7b842bbc5912e7c183d08088e07f8c0881b829c;10009660;Augusta;GA;US
39e9b28514d8474d890e4167129212a38b9e9ca6d88983934d8fe70d7c2bd995;10025919;Compton;CA;US
cb9807641cf4a10a48421fe9e96f0a40f1862c0e23131456c3c91f91cabe65d2;10022240;Mississauga;ON;CA
b0f671119c57b69e13b67672e33495e15e38458d5628bcd7904b05dc64aa38bc;10014471;Calgary;AB;CA
ffcf880c4abf823540443a61225f2747c3ebcf439dcf065856a4b2441452fd33;10016542;Greenville;SC;US
5f5a9eca05085ce72e520e739ccbad2547eea5fe750ddbae5fe9445df135a0ba;10020413;Okarche;OK;US
5b56f819f9ebfc1020f933062e3aa661ab7fd532eefac2f9f2f66e6139f2186b;10023235;Houston;TX;US
6e59e14b0b48197576737a1647ac8159757060bdb77f34e4453049a837f8ba4e;10009606;Kilsyth;"";UK
8c0f0d3b9d5655300dd65a3a20e66ceb7ae1b111c2928bb87bd9545652b06b8a;10024022;Irvine;CA;US
ccad8fec43c8854c770e61f352aac25e5610ec6e6911ace1a074e1f06259a8b9;10009697;Orlando;FL;US
5c25a906f9e084b10d3df20bded2d2a8489103ab12a2a1f4cfd0e9bb93a0b782;10025023;Saskatoon;SK;CA
3cafa9be7c936575b96d624e45b254c8e8495a6b3e6690a407d9b4f8600fb106;10026861;Salt Lake City;UT;US
8a6010f7d0202c01fa0427bd10aad21c9a42ea794948802fb6ea2ea8da521e0e;10025036;Kansas City;MO;US
f0ef5b478e87360b2eaf4efb565a5122a7139c7430422150e8f2199aac16596a;10012235;Winnipeg;MB;CA
ff4e56de15d602e242110399d6b68dc178666e36e82fed8ec11e740a44face27;10016609;Winnepeg;MB;CA
e4ab161d80e8f6c382e48d3b8d376daef8eb959e31264825402e32822a46c087;10016807;Overland Park;KS;US
0d93e0ef43441223554f93968fb85baf13a24deb03fd652b9eea551b4af2ae4a;10017576;New Orleans;LA;US
0777609d8e0e3ac063b00f5f3074f9b859b55cc2fdb1d4f5b09b2b4a92400cb7;10018146;Fort Macleod;AB;CA
857396a9d871dd60d1328c7068a2d87f9187a33d595738d6161de79cb1ff29a6;10021158;Surrey;BC;CA
354b0960b0d68bdad147794960ed67b9c680774bb8b797eb47c5c2ce2e0b78f1;10026006;Calgary;AB;CA
8e9e7fffc6e2020173239646feab9ad30c56e20d07002a4fc1cf8b673d14ab23;10022431;Vinton;VA;US
6da063becabcdcdb5514fc42165128e85b6b7334a11e85fb8b1f4041dca41253;10020907;\"\";"";UK
d5db08c35a136bfd5846c0f47321108154144558f0c855a1f71dc1093309e54d;10027560;Odessa;TX;US
5ffd05a462d2c9908f276c7ee2ec761f87d7516579004ad2067563b804322122;10000478;Little Rock;AR;US
e1d9b8155a7fdd7aef70a42cab5292a07d47f00acd8a1240a03aab4d1472295c;10009356;Cape Girardeau;MO;US
7a7376fe08e0e8d81da0bff246897b9f9cbd8184a2000221f57802ce2e4d52de;10009654;Brownsville;TX;US
2cf4eb2bd0f8724e9cff198592a8a90503487a287b8869b078871c55366eb342;10021175;Johnson City;TN;US
3bcff7ceac419b78ba874b8aa22f90c32e16e059b19ed194f2e368eafa513246;10025287;Brookfield;WI;US
69f28526abd5a74c30f8e93272835feb5ececc0ec542e6609b9375dc789a7381;10014533;Aurora;IL;US
350f293b1ade5502f204264619f74dfa64b4209a4142617da84defa1358e6943;10003795;Baton Rouge;LA;US
e7ab4b2272da9a0f44ed2c6493b9f761db41ab0d6bbe88430d4515dbd681fa56;10018867;Flint;MI;US
545e5d6f387a3e14829798a8b35e7373dd01516ae767ff8f4d1c3576bf632944;10024999;Andover;SD;US
9f4d6b33f77d4d2d13f9b59b55a62749535cc1656d1bc99b655b259ebabc5418;10025549;Shady Grove;PA;US
39442116084a338e53e01092a375eec925a633918be8c4bb1dff55bac414d8da;10014043;Guadalajara Jal Mexico;"";IR
201cbabf12916e4d4090b24ed3f21c908e88b2cab52a1e6e55ec3e30fc624622;10009662;West Point;PA;US
10e06cff36df3ee83ccbe652c5130b30ccba4878e74d9a8c76979661ca2a195a;10021203;Costa Mesa;CA;US
ffaeacb3c05171d450410242ae890a6f7b914e7b990ae6205b3c24aac16879f9;10000453;\"\";"";UK
b39063df1a2c8805dd79a5bb73efc4ebe161ad65b597508d29cb986efac89c12;10027381;Tumwater;WA;US
aeae3d92ed542af78e6143abda20305b441a66d61f2ac5b276abf827fc799f84;10016334;Overland Park;KS;US
fdae687028378f8a91d06307c831bed79ed30b0b865ad5fd41b8c93c55fa058b;10019617;Spring;TX;US
1ef2bff2d15a67b22a232c158f4af8faf777ef41089e408d57b1d4b7acc0bc5f;10022978;\"\";"";UK
8875356408569c88178772c74e97403139cba4c8343d490240064e768a832e34;10019942;New Castle;IN;US
008af907f90ecfe67f5aece7ad97e5c1815d10e4709fbcec4448b49822d87c1f;10009643;Flint;MI;US
de004a75e531658bb8a41fabae864169a49312968632b82b651c1b6b11861402;10000469;Montreal;QU;CA
6046602bc6c28cd5c28b8e4c04df905abe4ef5b014d87569d51c04e3e9ea9972;10026606;Dearborn;MI;US
747145be32c3a64d9b04160fcde7725e2ffa35d015fe33abdf2c1a7ef5949383;10025238;San Diego;CA;US
fdac79561b5b2dd324ad9707a315c49abbb639398ee221adacff956c7e4bea3c;10025051;Anchorage;AK;US
d9060bab69265e5fe988cff90411a37fc29ee0a78d5864b7e5ad282e0a3add72;10025299;Montreal;QU;CA
d2ae1db88e40ba0d136acccfa9c94406cadb407f79037e2645ced8fc9e65e519;10021179;El Cajon;CA;US
5152400171d2e11fe262130a03cf61c70e125950b0c93c3d55f87056ae53bb29;10018868;\"\";"";AU
27e2119e81569040ec4e39b457b100aafbc83075f2de8e5750a5c8998426129f;10009642;Joliet;IL;US
6984001acca25ab711e520bd07d6e4aa8a72868428df0fc0c49d99751fe559d9;10013509;Joliet;IL;US
bcd576d24e9b3f90c042e362631fe74efcb37563cf7ba11210f7f940aedef219;10026843;Tulare;CA;US
1120969a3f4a314938ae197ca95d32cefa0febb5af8a170406c9b6e110a37842;10019913;Calgary;AB;CA
a1429b6470e0910788aa331b92cce7f7fed163c69617fb997e0ce7a4983d8db0;10010912;Fort Smith;AR;US
bdb472ee0a2d12cbe9642f6a404d216e4a3c195a3c4fe83c739a5c245cb9dada;10019150;Jacksonville;FL;US
743652a50a502f9d24f67ed6638c947c8cf64f28cc7645466ccd2055dc36d9db;10021415;Indianopolis;IN;US
ef12adcb7ca24f5c29eec0cf4a2817ed4ec8c1e5342a5b19cfc12c083ac2626c;10000475;Charlotte;NC;US
caf502de394c6e280eccbe70375784f31732b8e34bc4d95fdb57772f1c416834;10025246;Winnepeg;MB;CA
0893fb69ae362daa66b1eccee30c59e4ab4bfae2a7e57c1f5019d6a64d634315;10013252;Irving;TX;US
5ebbec614b3bfef832eb86158390bd5ef889ac613404344545d29bad0cbefa85;10025040;San Antonio;TX;US
b1eb46517f9082064f6815abcef0fba9d9f023e0c2592ba78f8d9ccf077083bd;10010970;Irving;TX;US
9951c1f846b4d87dd060fb16ad14f1995cc8ecfaf50cdc25ff00160d87f77ac5;10025778;Pomona;CA;US
4a39687b14ba3995df61ebc8ddbefdca1a88890f024d9e7f4ff15700de598247;10017585;Milwaukie;WI;US
8efa0d6fcb5cb46205e7bfa6e286dd20948f1ba9c0d85638b5cf9ea9b0d0f071;10023778;Hillsboro;OR;US
678e0a1776015a0872c1b708c35a8ff85c5a87d54e50cd13f872714c037ef836;10018665;Wester Chester;PA;US
97862bd3d7f925c36cbab62d594dc06ef2fd7b7d026e4fb9141819cc4f9bb653;10025239;\"\";"";UK
5b892eb31c909440dddca94d3e01213b5c44a4dd1035f013cdceb47a11d75f18;10009985;West Jordan;UT;US
cb7c53d266a975487570456f638b063b60272f1f76688db09ba8e0530b558af5;10021911;Tupelo;MS;US
cf9fb296f80152eb7e75d10c570350350c1048c119da2fb46a52cd4469f2482b;10004302;Baton Rouge;LA;US
0f3c064e2c476e83060d956615bbb892727972e91e8ecc3b213be4d5ecfbb6ff;10022252;Crestwood;IL;US
64f4bf57a7a7ff44b2af90b9d4907df31f05e08fc26c1ca6ce101de3fa561e95;10025771;Waldorf;MD;US
7c2315fdaa90dff25c7d5a620f128119bacbe3d7a14b481ad28123db6b5ffc45;10023759;Birmingham;AL;US
6c95c9fe3b682f0e8abcc3f09ba944b0bd928ccae17817668f063f4ea52d7a7c;10027356;Grand Rapids;MN;US
95b3323e8665fb6ba21cc5d45bfb4b8c02da8df0576cb41b8012537f8d9beac5;10024010;Mitchell;SD;US
2a77d973b8eefff8362e19f5d617d10aee85e786e86aa71cea601c77671acabd;10025300;West Sayville;NY;US
61edd5d23c3106465dc8c4d35e9285d219b122cd95bd01e64bb878e59e3b7b70;10024034;Edmonton;AB;CA
3b7bd43ed6d71b27cc9a045f4c0c2bafaabfb8c35738e2288403985e8b6a3a75;10007121;St Louis Park;MN;US
a742cdbe68f1e59a07c36e1729f9a5946f98f05f5b9e28172bf01ff8b45833b4;10011734;Atlanta;GA;US
a29993e73fd04302e73fb51d65667822b519f8bd9eb92ff712793ab11970e8c1;10025508;Moncton;NB;CA
6172683ce23c87cde3181cef5d549498430e0ff50bed6bf004c34ffba492e101;10027583;Morton;IL;US
4ff07cdf572ce4205289ae3deb0407271e5fad4ff523a3744c97cfea230f116b;10000462;Hazelwood;MO;US
f1c72708d1118664cfc11b86616e382f6d26d2d3e508b1368c2cbd9bbb8dfbdc;10017638;Roanoke;VA;US
5d0ab2afafbf3087a1ec451b6a349b1103bfd97b9a9eddde375ca63cf397f8fa;10023244;Cleveland;MS;US
e693597d6a3391833fc8727f092fdb0ad3d275c08008e47a225a5eae177ba577;10026268;Surrey;BC;CA
db14fe16c583a7780073dfc27631db516d95b2cf88d1b6bc8229d65db5e31645;10021418;Wheatridge;CO;US
e6aa0a2d1dd9ce0bdac58157ee9468c6736c4b18bc8fcebf5b4f39ec11371361;10026521;Quezon City;"";IR
674092ac4e00dd64e618ce0f42d62228500a3081d3b8dcaba3b92bd55e1fb063;10017314;El Paso;TX;US
f958d42053e01108e207ff8bcbbfd6778bc514e4729727463746389a596dc7cb;10011724;Ingersoll;ON;CA
7dce68d69afe006bbc0ebae7e789e33aa2eeba740b198e1e6b93e55404911063;10027050;Milwaukie;WI;US
9bf02d729b07ffdd975068e88851f07c7194fee7528b9fc2a8f24d954921406a;10023793;Holden;LA;US
7dad1770a282d6848b6ec930754ddd00f7c35467dcd8dbb73c4e846fd985b89b;10011979;4100 Porto;"";UK
f8e0d63f08e6cbad4e2b9b043c47d1e0c6d30b915095575cbe89928a808412d3;10000458;Saginaw;MI;US
5234dc8ca54fd8c1ba6a40566658ac509d99ba5c123f663a9b006137fb394a4f;10008602;Wells;ME;US
be4e27bcb7e93117778ea4b6504019cb1b695abe8a8baddb492c54346ee9258d;10002969;Manassas;VA;US
a59b5bc1b4ecf21d924f28d11c66096e9576511dc0fd4ba39608935ad6594884;10026560;Dearborn;MI;US
00d54981316ac07a1b51aa306015590c8ee4433c1e68598e5ba4c725c4a0d826;10026009;\"\";"";AU
bbc0103539bacdfd91bee40a8b15f3fc1c7fad69ae5332fdcb57a2e0a045f399;10013238;Janesville;WI;US
5533c7a7b409731cc5d28663fb678f2f20ce83499eb7ec2883e3901bdf9be9ed;10020184;Smyrna;TN;US
d093726101e44e72eb15387a0e37ac68e870ea2243cf34c3bab989f70c3e49de;10025575;Beamsville;ON;CA
32a6cefc0a3685474dbc9816c3dd98176dac9ad9b7947c5b70058f892f401631;10004255;Seoul;"";AU
4ac441e5ab0cabf9de7c70c741ef43663b5a20239ec8ce65e237a196cc4c0a5c;10014779;Fairview;NJ;US
e5382084e1ba5f937be28ee6dbd455966f572a7f2ed48deaad90c82a926a49c7;10006846;Modesto;CA;US
1a37d67001f3e256e7007a9c0aabb0193a3d809d6d2906f2d0d2678ba53bc759;10019879;Duluth;GA;US
8097389510016e63c541bb3616b586a1d0ddece3c341806e2579e1d335b7b36a;10026055;Eau Claire;WI;US
19a900a09f7b77fa85896dfef7cc9a69c48277b0afba532f25e20b3cfbec5848;10012425;Oslo;MN;US
7343c386439d138cf0ee52f86c6e2b89a8538b2ba3f60a4dacd9616cd69abaa9;10024248;Portland;OR;US
eeeaa3cc116fcb2c23a358e7645d61646495d12538d7ee0fda5f4aab3a3b6e0c;10018129;ZI 1 Ducos;"";IR
674f669107222eb522a010d0f56c898f3219523f2e2fe6016f907dfb2b822a78;10020446;Pontiac;MI;US
2c18024b0c2a73bbd41304339e905ece427d715084943348e97e8a1cb3933c9e;10010886;Libby;MT;US
9bda26d77aaff59a31aba7880915ed0da0d593416fd1ce6778031d04ccd784b0;10024524;New Hampton;IA;US
456e9a78a5459ab075cc7cd48e669c1ae43bb63367e877e489390040ce2456e5;10021668;Independence;MO;US
113a9ff9ee77ed5afc46c4b21d166cd7743ef141183f249676f57b748364d69b;10021470;Wrightsville;PA;US
c78118b5449589d2f73ba77ecf053c617da0f8736851bb42a9bf323d72ca006d;10025302;Tulsa;OK;US
5ac66d19aeafdc63f064e04d6098f3d4b0111b3efe8713533a224d626119487a;10021911;Te Rapa Hamilton;MS;US
244434e9de37e3222dc0ecc83d0753aaddca548f9d26b353db6cf94480b635c1;10019420;Ruwi;"";IR
acdacbd39a389e7a54e1de4293e6376e53307dfca4037995ad623e0822611ac3;10025560;Cramerton;NC;US
8a757747d50b65b3bbbd0c45322b3560fffe56ad2d1b18c8e8e464dc5521947f;10016047;Nashville;TN;US
b810b71655443a26b3c5307c722045144d8b18b6b6331648f8b84cf3cbcd3a62;10021996;Milton;PA;US
4840ebcb7794812050692f1b82d57de72f23febbf26c2ef5fd57e2276f6ec99b;10023221;Overland Park;KS;US
f85303c3276e9e8c2ab335ed8fe72835621da7ba9b8998f14dceb95e26e123bf;10008134;Petersburg;VA;US
f2ebe559bd00020714dd3b71c4a5987c73a1c053633ebdf14745e88f7296cf07;10006848;Fredericksburg;VA;US
069933e1a9b38d3f7f93429d94842210d27e67e713566b738e1c038926bd2589;10021936;Louisville;KY;US
d60e87b51b67ff28c108aa0dd77c42454ddfd2acc0548412fc6845d31c275e2b;10022687;Burnaby;BC;CA
c269faec2490a6280c3c465d61ba81c7b4e2a2c08e0d7549a978437606353299;10020962;Mercer;PA;US
c4efc25f446470a6f044ff1971974e13ee589716ec0f9732f3be78f171dcaa37;10015267;Sollinge Molle;"";UK
b8c9afddf63a693d4caef1177eaac0e7ef8b24414364418f95925e47103b76b6;10004256;Portland;OR;US
c167bf9082311c121d4af05aa8e870d9f5520f0612f4b379cf427bccc6b9d994;10017054;Newport;MI;US
360b7f74576dec87c645676db059729425341f07ce9979214b39df09ec19cf1a;10024262;Oakland;CA;US
a86e52e1231e169bf1d52c764fa556076a211c1db02bd3b2f4bc120b4795af31;10022201;Carcas;"";UK
fac5290951a161ccad01c22fea5dd879165225dc599b29a390e31c091b09b64d;10000461;Boucherville;QU;CA
ac58908f547bb88f6ecf285f7e9837c4c0ed7905a22393a6e86b41fe7c936d19;10022755;Johannesburg;"";AU
5cf5e8e04019aefea010973aae986c31ca2d210f01b6802bd11a023f5240d111;10009653;Mississauga;ON;CA
3d1a5dc78f9244cd7716295cb6bd31faf0dac5a393bca37364079fdf0c3b0755;10012234;Hayward;CA;US
43adfde2499db52f6d21ea9212bbfe57764eb370bab38d334e950ea29b38804e;10018644;Overland Park;KS;US
c74e9bfeca945ec37f5e95949e162f403a9ac08617a01c57b8531c65f9f3e845;10002709;Albany;OR;US
47c2dda11cabbea90520288d8888c55fc14602e3f1fefa622e6e4433dcb51622;10023241;North Little Rock;AR;US
a42a401d8682b1b59fe63b90a2d51c1364d3a25a3364dff64ffe420b2913364f;10000473;Rancho Cordova;CA;US
13c05472220a04be7e4a3b81e9a5a878907293388617dec1139cd539b354c7a4;10026868;Valencia;"";UK
a2b318608e5ff833329ce9958fe1d33233a606fd8114bb741b70eb37dc4ae724;10011398;Eugene;OR;US
bad1fe9eac2ac306f42b5cce68b27d7adf92857caa250ac2aef1ac58c2ab511d;10022450;Overland Park;KS;US
934c7bde35ee5a1177217225aae4a87928044a8df797627f042b487268608152;10023785;Columbus;OH;US
6513661e7851f4d57e75cab98e905d5e407495cb6e2e8a3b8db262f3de8770e7;10018877;Beirut;"";AU
049cc9e1e3a1bc9c8bee2219d27510d1cb20f37a97c54430f250336c3def7ddc;10009863;Beijing 100088;"";UK
cb6acdcc7a2c995107d93b9994f96febec496b366c027fa96af4ddd53a749394;10008381;Puyallup;WA;US
c677a6b1f3db695c7e45f9d4d8cc3e0f84a7d16de26840e4346f1e071b07b679;10004245;Portland;OR;US
63b0883ef038a82b17a3dab9c8afc8f56378e406da9f13741ddcc861a9b44911;10024743;Enumclaw;WA;US
e2197f7bfdcf6a553ceb3c95719fac013c4d5848bd269b2fff19c8740b6caee2;10026078;Bedford;OH;US
dd79f6178f531cb97921eee14127d25f1b1a59bcabadddbf61bfcc7c25167021;10024477;Santa Cruz;"";UK
3ab1f4c0e92485457372974c2186dce789adf87b608a824409fe41c6bebc7255;10026291;Poplar Bluff;MO;US
d537b5322d7e24f0187e5f78f21a266e9eb6f5c209720baae96b4fb9ac89aaec;10008596;Springhill;LA;US
3c11990bccf224059d894c4d2be6ab94c2f77e310603e82850f3e34ded177b3d;10009656;Trinity Center;CA;US
90d33f50a8e5a5baa3fa9837c93199c61382113d90bb12764e71b25cee3ccc36;10025063;\"\";"";UK
4b8c7f23275598ddc378822f96fad10d9dc8382ed47643cf59832ccfb77ce5fa;10016858;Beaverton;OR;US
64b28fb291331df2ac21ede7d8575d8e49129e7ddf94d3b90077ddb7aa8ef8eb;10025037;San Marcos;CA;US
d98cd46b29223729db6152fcea6b8ca75aaaff316a8f1983ece2558eff534417;10016588;Schertz;TX;US
13d4709afccb547ee090ff44f6255937c5fd59f1e3ab3ce68bdcc5668f4c32c9;10023760;North Hampton;NH;US
ae6359bff7e5699e4ebb4e81a9b102f3e11a8aa86920b3c96c36b879f90340e5;10024270;Maxwell;CA;US
df46a3ff0eff9b882d1db19b70ad79cf52930cad8d5a904f65612e2270153703;10022423;Cincinnati;OH;US
d49fea3f429ec972d57099b9f618ebee3a194d9b4a8c5ac8628bfdc53034b1a5;10007122;Buda;TX;US
166ced8835a4063c53af7013633d8a6d371e5cf9f9c99d107829db3727566d52;10003720;Hermitage;PA;US
5a5065fbe671eda9efb34619e13941c32cbc0015a2ec7254f6a526c0a83faa03;10021222;Buffdale;UT;US
65ee7c69a3bafbd75327197d3d591f58f1565f08ed0a456eeeaea5a5388c001c;10021459;Olive Branch;MS;US
71733dc509d675fb29d83a2fab76f7ca55a8567d8f3cc46a74b176a4418f2740;10025237;Oakville;ON;CA
5f46f12c4860fc0e1699cc1b513cc90089776df20b43e81ab43d5117a9d7187e;10009650;La Paz;"";UK
a0848616a5fcd69e8f46971fbc33d5354d5fa217023ddd037f9d7bcd793f942b;10025289;Fresno;CA;US
ccc1359430635ea4f26b369bf8517c7c47782f779e0dce96317968b1baea92d9;10015495;Kansas City;KS;US
0f9970914e031b4ac8261a0a398f064cc7c8207c2b20347e282c1c68db7e2c21;10018623;Laurel;MS;US
af24edf218bd4cf11e85830b7e479e1316de1020736229da67f53a4073139c54;10022444;Livonia;MI;US
7b2bacfd763deb2b738e750c783bcdeb4f590bfb8cd2a0095dfc79d0dded3583;10025305;Colorado Springs;CO;US
3729a1c0d720f46fbf5babae7ce01b1b43b42ecc17935a9cdf0cd583a01781f6;10023212;Medford;OR;US
abd489d2033d7bc49357881282cf7f4aa809354cb8f3e90b328a21a4f19a6e3e;10021139;Livonia;MI;US
bb1ed76e547655ad3b0ee84fd144be42d64f3748db52b1f8a406b38e9bc183a2;10002506;Salt Lake City;UT;US
aa7893572c570f0a584f7d9537f57051316ee28a8e7b5349e0c9e8e03783ac16;10026522;Fairmount;IN;US
286b99d8198cc828bc9444c06bf393bc0e7afd677a015d89c60d56563606af42;10016549;Jacksonville;FL;US
b8b40f695bda31625ab38b69d07ab583591acfa9327557432bc0e0ff3de31727;10025243;Longview;TX;US
11cf479d853017aa1dd0df961d70c2688c46b3eb701b779d4774e46fe163dbce;10023538;Fort Worth;TX;US
8fbe82da3e91cd30f537b9d3ca0e233fc4098abf2016308b242d079702fc77fd;10009885;Winnipeg;MB;CA
0a37acd40cb466bb1dfe21cc6212c5c63c2230ec62d8e465ed1322f45f61c8d8;10014546;Phoenix;AZ;US
981ad8233f2b1a211531bb411ce91d018a9d14789fe6a89fc5c971d691a69f53;10025061;Canton;OH;US
587e91b69f30e6e85fa1762675c8ec271204c90304f60a50b8e1caab1fa939cf;10023003;Coldwater;MI;US
e8bab5b06f22cf9108af8e95da17d9ff95ffabf90f33dcdf68a7ffceb7c0c62d;10025052;Songtan SI;"";AU
b5ac9eb59eeae8f41a5dfcaf9c82d5bb7e49184b9bd624b96bd275244dd53e00;10020448;Regina;SK;CA
f81682cd1d86a4cfeb28073590880a0be9254cc54e6f291a87244a681b810dc6;10026062;Houston;TX;US
5a4a9317fc44e33a2f239dfd4a43b552742c05829a61c789d0169e0b9c370264;10016784;Pocahontas;IA;US
dde173b715bb5bd82335ad77229c61e2f6eb4a2db1f69a3d5542c08b2f281436;10010897;Whitehouse;TN;US
c5ee329eab7f0e8d96338fb4b8051e5ab87733103bc35ff2b00321c9216f269d;10023513;Stockton;CA;US
c4d2c0d7220be4706a1e7b9bde0737caf715673b07cca9132f6bc3e1880ee4b5;10027053;Raleigh;IL;US
16520f895a0eda76a7d83c32be6a88dde45799205acf914e56b168f88b4529b2;10020931;Bozeman;MT;US
4971c7bc6e4e02e9820e46c4547807b5c703a847577de09a9d6539cddf45d8a1;10000472;Van Nuys;CA;US
38463a551bf4f0c0be2a525f7a86793f84abf73dcfdb30b93449e65835430b98;10027340;Salem;MA;US
14d09dbf5ddb1b5e3ce1e6b658d0532a7709d588814e5ddfaee9f6612b5e5d0f;10009669;\"\";"";UK
d4096a223286e00c491f3b45f12b4e2ce5eeab0f13d08e58bfda22a3bc3318be;10000474;Des Moines;IA;US
c5a4982a7821cf2a262b21a5ff5dbaee758daaefe759ca297300fb399a0f7cb9;10002489;Villa Rica;GA;US
a5e9810e2cf92db2e8d8ee1749deb2a1e4a65547774f94188bbd7d7d85f220f3;10008893;Yakama;WA;US
fab5c7fe42d3bc778290a47ccc9d513736222d72859d2350922591d5413c483f;10011732;\"\";"";UK
beb420a95765fa0e38a3465d996bed6aec1c1b5495e0ebaa7cab93682f1c759a;10023275;Portland;OR;US
98a9f4d362d0ba0ca921ecc35eb5ef18bb0a113dfe97fa507cc5ac2790055c34;10014540;1980 Santiago;"";UK
8732f5606e6cf673243d8d1440d0041d058b3e5c664a33071163c34ea825cc53;10026355;Casper;WY;US
e9bdf6659c8c689a05eb5e7a771ed00544590fcd6b4ea25e92050b817511ba55;10014238;2215 TC Voorhout;"";IR
aa9d08e89bb209482c6e12ab241b83e716a9308e849dbc26945e50599d5e9b38;10015030;Anchorage;AK;US
07919bb1b2cad75e3fa138b9923ccef554713ea3f9f918223507baebc9632ccc;10021184;Aurora;OR;US
4b2171d46fc9bcac53fe17181ab33f23bc0c908a735aff80c28aa4a93cba54a6;10024725;Jasper;TX;US
3fd5eb51b9388299e84c5af7399a3bbaaeaa47cda38f58740e3191d9eac4b5d7;10015783;Philadelphia;PA;US
7085176153a0861c05615d2f5afd2cf02131b4e00f520122c207b8556127a72f;10019109;Sacramento;CA;US
fe0358c7c3bdba7e01858e5a5580acd90a7dd8531c1fec51c9cd993fa6728661;10021986;Livonia;MI;US
006c1dc91597f493993d8176f07dbb650b698269f751211a3747bb75b50c8b78;10015824;South Bend;IN;US
c68a475c30af761ce2b1c84ddad7092f02d1b5393c5f1d60e3cb1983b247b874;10022183;Breckenridge;CO;US
9626b5c96eaef0112ae1525df4fa26e18749528f02a3d5ec4494d3e4ae1a6d88;10023783;Pine Bluff;AR;US
92149a09a57e0b949ebdccccd1b2ac0591dcae6f550cd7099ffd23aa9091fd1e;10013188;Charlotte;NC;US
b4e5e74ed49169f65d83b59657b0daa18329573e8e4d7f7ab31de1b3ff096328;10010906;Frederick;MD;US
fe91690147efb3aeaddb556ce028b354966eb2d8db2cec0154fcca0b4fc4a8e0;10025515;Jackson;MS;US
9a4c353fe753b99f27b9b10c28a402114f33b1a7252fc622983b8927c2dd52b2;10002746;Bensonville;IL;US
6bb57fbce7659d9185b314bc10ca1d5a74d3b9b198a737e9ded4d5a2a9bee0c5;10025249;Memphis;TN;US
bfea43c9ccf5c92bf142f264c76f22652f20414e657c9f0e8ab5c6a5d518b159;10025038;Mechanicsburg;PA;US
a70ba4f3c833a73d7a9ebd977830a1394af05644b223f3daf592c1d12c3e9947;10002244;Statesville;NC;US
2aacc7177a44229b042ea133c1b190768a1b42bb8f1c0aec9508d70d3f5a70f2;10023489;Sacramento;CA;US
b1caf581a629251cd53fa6b1c15d2a168afa5347db389d126c1bf4708de2e754;10022490;Overland Park;KS;US
63e33cd82158f2a25e4bbfb9df740528d14c1f2521e76ec59b0e004b24008d41;10019664;MOLINE;IL;US
93be851a3cd0cf34dac66d9a4165a83b0c817d66f414fa07be8146d617720b1f;10025241;Hamamatsu City;"";AU
dbce897091bda5a137a76a9b8639495f554e3f037a3f40a63ba5fe13118f3de4;10017307;Anjou;QU;CA
b2d37f1d5317b6045173cea27bcae72617ba787553fb1bce0b88a9a4c0113c56;10018603;Dubai;"";UK
8952287c8d221e7cbea71d3cef90ff692d83fc400ab1b05c285e0236a981a612;10009639;Industriestrasse 17;"";UK
43ec2a59aa07815f7cd56fd4d47f650cff9a7c93c5ac95ba7164184128efddc3;10024550;Appleton;WI;US
a325d96389b8626d4d681c9d852b7560ca90494c077bb307f3e6d90276d73b30;10007309;\"\";"";UK
bf51469c062fd27d98c078b41ad67987c86adf0f77dab886774824ceb1443e5d;10023703;Istanbul;"";AU
9f031d8fa3b422fbcfc44751281947a24ce6116082487a76317deec7c113ae9b;10019388;Ft Collins;CO;US
4158c337980fe61ab1eb22af50499435b298245f20753480353dc1d82417c494;10014469;Livonia;MI;US
9b71644eb5314e210c32a1953f309861140679b904872f239722cf3ca604fe5a;10017828;Cypress;CA;US
403d40273ecee9ebc2ad41864522e820a8a33cfe01b817a3be3454358025b095;10025251;Wooster;OH;US
7924de658fb8476c20367e4857dd77719636e6254c5afccc5ca1ea2b0dad2d7f;10025296;Sun Prairie;WI;US
93f32946e3a3faac9903c768deaa40313a259796c18b191dee9fba03d0e7a30e;10025285;Chattanooga;TN;US
25d125e11f10e204ee773031255a3c1962a21960f0f212df8e98a1e214451364;10015011;SE-132 28 Saltsjo-Boo;"";AU
ed122d820d07b48e9e3e23f1f9c4b0e5c08a0411ade2fdddb47c4ec0e68d832b;10013011;112 Reyjavik;"";AU
7bda213174183904528b95d6141dadd850431e211792a14fb5a04416b06bdffd;10022168;Cass City;MI;US
1c0057be70b72d1802932ad05762cde63a93df87767c56b1340f5da4629658da;10024255;Pontiac;MI;US
5c5aba2915ae530a91052dc0ffebc1fb461989fd6af5e536aec6bd8cc4cc432e;10023511;Schiphol-Rijk;"";IR
db74b7028fe2af9e352e3bc5346e617a6c88c04016a70d3c305d3626f6017863;10020672;N-0598 Oslo;"";IR
9ecfbeff850a5e0386b7bfdfab41c88d80985b55117e164b35719b62a1f6db11;10018371;00-394 Warsaw;"";UK
58ecd28c85760d52a3a10a4929144a1040a6f1f444f5efbf8fde6eef99b35983;10017553;Ottawa;KS;US
5b4dcf8aa44fc670ff2156b919c354552ebd166e72913219a4afb543bbecdf72;10021204;Toronto;ON;CA
77ca9ccc18f72e701abe806a3c9b74c497e20454762388c912a3c1bafdc09e97;10024246;East Providence;RI;US
5b54dff8d9614ae704a6eeeed708b76d7d93783f83b9d90e50eefd08b2a6d1ca;10009676;Kalamazoo;MI;US
c5df43a217d81e8686161c20221a9387fcae2f68e86a6b5c650953c0fb77ac96;10020388;Glen Burnie;MD;US
156bcca23510321315717917c308c8e03c7608ce957df336163ae331e1f79370;10002220;Prince George;BC;CA
03816ecf48fb4f06e24dec01c35dfbe695e1e6b6faf26cc5f0bcb9dc34ba14c9;10025284;Hayward;CA;US
3279ebb71e5aadaf3e14485d209118ff2e5446530aa8831ecad5a30454dec1bf;10020449;Santiago;"";UK
067c1a66ff57a5ea5c2de87f6ba81e0b39d9012fd9867e1185c560eeec8e2ed9;10000460;Goodlettsville;TN;US
2e018fd2cdf892580b75aceef97fa612fcb3db294cbdb699e779704774413045;10009623;Gretna;LA;US
d53f8fc43a4f3fab98dc4fc8d64d00758cb9e667f354773d3cc1351c0c9d04eb;10019105;Mechanicsville;VA;US
e2315fa2b30bf0f2a1f297e8a9c66736cf7bb2f882bc043d75e37395178862d4;10013765;St Louis;MO;US
79d949285f73c5923b8690e9d35cd4d7398efb8eb3f4277be482bc0e4f6553ad;10020662;Jakarta Utara;"";AU
26bd389dc1afd9ecd09b383205b39a18a1898e2d1a2e498bc74945e862c78e7b;10000466;North Highlands;CA;US
582290859e84a0dc273f8026c2afc39d1f5550dc715e69ca6751735bd60f9cf8;10002240;Medford;MA;US
ddb9caf670fb9b1b9c2929402ca5f06397ceb0d603f442dfefacd5c522a2073c;10014810;Canton;OH;US
6700e2eee4cc439a1d62ea4bbad381b79aaa91b5280b0de1c4f073490a6fdda2;10027572;Elma;NY;US
6cc2f08869833f115830af85e68ee4bf86fcfe453662912ce75399d3e242e75d;10023447;Tulsa;OK;US
a8aeff0e36874a06b28923f9993db595671c6cf0e6ae9c6f07b2367cd46091c3;10014804;Shreveport;LA;US
61515b9d8a5dfb14d1d813d8f8fb1bc47182b77ca789bcb3ed5ef9b4de3f6630;10020715;Linares (Jaen);"";UK
ec2a8fe8d6f7b5c789fd2bcb3e7fb949cd744d87467bf7536f481553207ef253;10019880;Somerset;NJ;US
eb4892d7743eebb439965573aa40904219c0eb7c714a6e9dcdd70099ac82f572;10006836;Quito;"";UK
31e1194a69471249781ea4c377af72bd6392a079e4b19b504e6a118586c9df9b;10014739;Tulsa;OK;US
42274640c2914b75d175d7071ff436b801867be4d368d186400c4a5e820d8674;10015275;Marshfield;WI;US
ba4834d429208026a54916f09b77abd4387763ef1e558bdd256521ab032c7508;10010884;Boucherville;QU;CA
eb55388eabbd05974bf9c72f67edf4ccf74eb4eca08c7c55ec32670354797633;10021485;Hamel;MN;US
1ecccc937be5131c259d912385802729c47d87e57a4b9d1bcc985369f482dab5;10000601;Creedmoor;NC;US
c669920356a7a790f53e23095679b72f510d317800a3b9d691ebd3ccc38104d6;10025033;Billings;MT;US
a728bc948514f1cc657d2495257754449b7d52be10a3e395c3414962c6e9336a;10014264;Springfield;MO;US
eb4d199f46d54231ceb3fb8b174e6a865b6e96c4f4a0e6e7a94afbcc121e5309;10020909;Canton;OH;US
d56b26a3e0ce4dedac4fcba712a610922b12c51ada1984c32cce63a7fb203684;10015793;Sacramento;CA;US
1d90be140f75c83e3619096761914e4fce2ffa0c427f9ce97e3c3fa8e4b860fb;10025552;Southfield;MI;US
64d2060274f0caf5af380fe4ce703d111c7cfd052b5b82ed997bb9a5ce7588e9;10016548;Mobile;AL;US
96542d01eb9edd2ce9155c8dfb37ec1b69eea5209f04edaf23a4dacc35844e52;10027119;\"\";"";UK
65edc3364b63dbb5194ed9343f4fd2498b0c0e58ddd4eed0aa117ebed447b086;10014495;Clackamas;OR;US
953665b2e5635105a5c9975c5035da921e79da57767cba1c2208369789172c7d;10010914;Overland Park;KS;US
393c0f2110dd345b9d3a59edaf4d6a61ef5fd21865afa6fe11283c33a18c61fd;10012761;Cali;"";UK
0f4fef64f88aee4e07d920d34df0e886ca4a247d290be5bf73d434fb168febfd;10011997;Roanoke;VA;US
56fd7556503d17b2c047974fd8889ffc5e0e7799ded136d58640ee10c91b7490;10026348;Mebane;NC;US
d3f4fad3119a0b49a60376c5a6efffda94ad0bc7155dd494a4b90167990dccba;10006862;Pearl;MS;US
19e12ff6119c6b43c187cf65d55f4dc18bfa453b46676d27901e5d4bfc89f39a;10019682;Lennox;SD;US
e95821f90486c9e02fedfd01a075db4a3b5dfe6c79f76927da46c5eb52aa5aaa;10025025;Auburn;WA;US
20dbbfdd32ec8de8cc3289fb8393f489681c619c280234f0537f9a751f3b2206;10010935;Sioux Center;IA;US
67015616e9538be2b1059386c2a396ce4b8ae8f3aef6425127c3f89956fd7555;10007566;St Joseph;MO;US
cbfa50645300ce395d9e24d5b48193a8b9b7b2e0ea0c2d56f3dd3e9d1f0f74ad;10025242;Seoul;"";AU
1a60878dc85c965782efa84a1578fd3f714b28238d0ea785ee7b06f50ca4fdb2;10017290;Bogota;"";UK
319c92c5daf9370ff4dcfd4f1aa0db289c9e79c391bb3638f041b136e311693e;10025558;Little Rock;AR;US
8a6e48014677cf965d37973e396a5cb47da53e8e2b4adf416a99ec3e2cfbf94e;10009652;Valcourt;QU;CA
ae4b3c404f7cfb35a156debd1a6f29e868870cab152eb5b3dec97506008aa512;10025298;Toronto;ON;CA
c36acb053529bc473051bc59f5e8f60588475b67fc62f1562a6ebee6e4c01e68;10026532;Garner;IA;US
78e6f67b7fd9b8839736459e8ab62755fd5ad5479ed123190c45aed2dd564f59;10025062;Bedford Hills;NY;US
b2dc3c6fff7fa6ccb170e74c865cc2183443ad318110dcf05c8e0cb13f54e736;10022167;Georgetown;"";AU
9f44fc8724b161e6e0bd62ce677e9163ff769f1060b5aaff301cecc489c46bbd;10020927;Sidney;NE;US
ddc881ef2b90cf90c501cf781eed26cdeb61c051acecd226e6217c4775c5dc10;10026336;Columbia;SC;US
4a89f07e1c3a4f69e40a79dd8e587c3f1e1b979c9d7654cc1ad239c788683d8a;10019678;Sacramento;CA;US
3f8a28f6cf70428168092fbb8d6363f229836863e81144a491a93fa229d11d7e;10021472;Surrey;BC;CA
e7792fab51ca60503b62fd9c589d5434d5f7406faf8db4a45f84d15f480737aa;10010887;Edmonton;AB;CA
d367daf70d4391848fafaab26c4573a780f2ea022966d8a30a6518284f8abe15;10022456;Rancho Cordova;CA;US
e46a8395cdf5481e8dc289ac4c941b981720d76071d94bbd7e7b1fe790da82ea;10017036;Eagan;MN;US
37c3d363d56743c39ab83e34a53e97de94dfdeab284a39cd474439877b4ec6af;10022732;Lake Hamilton;FL;US
bd946a9bf1742eca58c8fc8c4b69d8586bbf0ea548d6a4d8c1d57c5441eede20;10010969;Elkhart;IN;US
1280bcec3a3f0f090bbdde6e44d6c58fffa28cc4729fd20a6aedd60eb155e974;10018580;Beaumont;TX;US
6672f8334c566dc7ff0af99b47634e0b1f70dbc2774af2a54807eb97ce4ecf00;10025269;Overland Park;KS;US
cdd856547c8d1f094d037b26963c514bcf247f86b78517283dc77febd9d6f800;10023023;Thief River Falls;MN;US
0cff2de7aaeb876947f9decf2bb87e0b1873c008a29727e4f27830c90eae14e6;10024499;Houston;TX;US
abe04748d9cd64e62e68d71a63304a67e8f2670ee77c13277cefb17348b8d325;10020181;D 95326 Kulmbach;"";UK
82d97f314377f2b889405ec9ba9daba4c176b37e0e3d972a112f347a2b1a86ea;10019909;Shawano;WI;US
98bc064dad5ee33429e5fe4c32f7a085b53935cd34845a2a2865ba1c5ac44e23;10025791;Prineville;OR;US
cf87118770dd83a2669dc35cce2d65dcf72b78005c643a505453d6261951a410;10009647;Sacramento;CA;US
a00261903a79d928b22fb7ab2a399abad291447cee746dc65f86b663f28a7e2d;10017072;Chicago;IL;US
eeb45920cc2c1d300d925eccc6a0dd9a690e3db79479991de304f241e81e9570;10027082;Edmonton;AB;CA
72549f41e725b9d6dafadd7e21023f4c887522bdbb186310144032e2e39580f4;10015789;Jeddah;"";AU
cf69e4c036d258df1bb08766907ac5b9b451ad4185af9363f4825442b3c7e890;10020390;Lansing;MI;US
4f12398fa01761ca60b326df92021fe096db36b8a033b5ac6dd979ae5fcda223;10020192;Sacramento;CA;US
34308ac13eab0e0a8dd881c3365030cb2172090d846442b7ccdba974fbc017b9;10021231;Middlebury;IN;US
ba6d5d290079b14f5c34420aa0d722465e998f04f8fdaa8fddfa0c0dfb2c4c17;10023715;Plainfield;IN;US
4ef5ed992d66ed9f52aba5b04ec68fbf17113840dbb130d71d46f85418a2da26;10007117;Taipei;"";AU
