DW_CLIENTE;id_cliente;nm_cliente
8bc6b0c63fd7023c4c3516d9a603977f8a4687c99880baf4378b460f501bafb9;10025549;UNIS Supermarket
6e15bbd1a2a4c5523b4813ccd7cff0553ab0e2e6cd53853678569748c7f74c1f;10021412;Panngea Shop
713139a8a4d0d6ebf96923061a84b8f39adf38cde48eb6abce747455c93eb019;10024260;Sigma Supermarket
0e63b183112ef9c9e26663359432a6bf3272a2622222f3d6ba2c5c8498a37feb;10024524;Southam Supermarket
0bd0497dfb7a1c58af212f20a2e331362304e8982a255fe54e5ff365b142ca71;10020388;Metro-Goldwyn-Mayer, Supermarket
830720f5fc87eb61b005a739626e2f5d53105a151f9de7f33a4a76a7ae3387c4;10025552;Unison Medistore
4d8ca48f489c02a8510792e7457ac03b47fc6a9e86319738c17b1cbc650e2778;10006037;Bigelow Store
2e2c99a2e3b6cabab1c30056f7b19b54f46db986d68ded1779406fb3c89f6cc8;10022746;Rdlabs Shop
6c77da70c0590f510c45769cc019b1d7cd926344c03cb5e9d8d9806f61065583;10018867;Kari Supermarket
9e0f445ae978f01d0024d6a04923a0e37b389ef487156995b5513867937cbe67;10026861;Xyplex Shop
2bbd909958fe582d83a89f9d0a7cd7f99a719d5d80715d77a7a78b92c9cd59ba;10006836;Biz-comm Shop
957bec2af7734f05464b57521d63c8948cb3cf56d096a4b618facb8947090d59;10025036;Tampa Market
8b6af59e9307570c4b9defb3221e99d8ce26527eadbefbaaf5d7f78632082a1a;10025508;Unimedya Shop
e6e9792039a4b3eb178581ea516b2d139f30b7a4833301b28daa57e16ba11816;10010698;Earth Shop
792714c0c1ebcdba0160ad069a5775f35132806f0aff0d1b4f950fdf25ab9ee5;10020927;Outbreak Shop
d0b7a5a325762f1a074ea5aaf9306db216c08b3a6235d95e8047dd893363a652;10026560;Xentec Shop
0044b8a0453972166d04bc9433c62605793086aca9a6d4cd7a6ed5006a9ab015;10009631;Clearout Shop
97c208d5d9f0d1fc4ceb75a3776078a7aa4c924900f2e8b9a1bc6eb1cbb21093;10025304;UBF Shop
090182a7af26a7a29cbf84d9bb877e73da6700c877799265c4a3e6567cadc9c7;10025063;Taroch Mexistore
d75f3bda33170003d3a5bfa11ca70c0dfa6061299c5f3ce335c156e473ef5f2e;10000472;Aaron Store
451aa45bac5ecd10e91bdac8adaff99221077ac1b1f8e164ab6166e70c5560ad;10020445;N.Graphics Shop
9c0758ba607d09f9f42ae98d7f9414518f0d6166700f89e1a214af7053ca3419;10010906;ediSys Shop
4248fdef8e326bdb3097fe3ed2d2c03734becfd6666a3221c8bb3b8aeac3c176;10025264;Today Shop
e1b6271b872d5c2d0135c888b296f4d04e0329dd190ad7ab9af6946281ea9ede;10008893;Caravelle Shop
a7bf0b631c877e9d3b403f923c6936635ba9541ab808c967c9b2023e4ed68d72;10021139;Pace Shop
bab4f69c6b29ff85c0d6aedb1a4639a6adf7a4a0bdddbd3db0f84374d7a1b02d;10019388;KeyComm Shop
5af23b34525ea36ca6ba8c1abe6ab42463b1c270d504cd8b2b5ab04e621b91ba;10025583;United Market
426da323dfe621a078ed8d7aafa06637601fa36b84d5daaf8651a0321c3f4293;10024009;Scottish Supermarket
023c2387d6bff084315926cfc29e774514fdb5a0f29366d411d3362169139f76;10009676;Pereras
b42f17fefd02041c95a42dffe9c9407115d474d4396e0e93c890212bc6a405a4;10014471;Harts Superstore
f76467e8b12b95f9562c610e53c022078ce6f22f865653ba354efe4f50438ab8;10014533;Harvey Shop
566dd9d637081655a3b582c19a2a7eb97bf3437326a32ddf0399012ca3eddf31;10011997;Fibronics Shop
d05a7aa868bf02216cccc1c19cdf5bfbbb1566b3a4ca1f0128d4bf7db9b1c3fe;10016549;Home Store
3fb510a892a80417701773172e04f02d0c5fbbc37aefe055160fec9d61294d3a;10025571;Unitec Maxistore
6ce25bebb7a63c905dfbad68b130f673847ed671c60a9277e9df2a5a1bef2e86;10000474;A-ARVIN Store
9cf689c4f52b11e2f0decc2fabd255bdd92e02040282cf6fb2947051aa750407;10007591;ComeStore
653cc994276af4c6cf8be274447863bb32d836977b5fcce88761c39bc6c2e510;10020192;MATRIX Shop
10eba465851d15558a1de740128df0611fa54a85881dcbe24c37f5c188b33d10;10008381;CAPCON Shop
c91ea7dc552e7ac8780fb0a7cf5621d1dd163b877c983632763675a22fad05a6;10021472;Parabole Shop
1f295d295f4b1e67f6d1d8de3bdce1b4ea6fae509965db39a7ccb8711d51e8c2;10025246;TECC Shop
cb73dcfca95b7ad05ec8f2b265d51c6bd5a8cbff78e8a7953fd4dbeae1ee3007;10025771;VA Supermarket
2c358587ca240511e4458035712e818eb71965657d34a6dbe4544226a1884735;10023275;RFI Superstore
1d577d1bc1bbd41b878161bc9aaa1e6b47683996d8a17a9d5bd6e5dc53815104;10005043;Bezeq Shop
e587e961ee69ff6032d2691d1f4f4e2e2fbbdf11ed44130d42152e2632e904bb;10017576;Illuminati Shop
a73c9bc516245752eaa29bce006b172d9d5468f2b963192935d537d83ecd9b73;10025052;Target Gigstore
0dbe2794331c081bbe330f4eedcc50e5bd171c65fd92154777f5f74b993dabe0;10025298;U. Supermarket
f76269217f5525b5b2eec65e9205c1d267009c4fcc9525cf3f35be4139c86cd7;10020909;Onestar Shop
710db7da1b02e08187abe5fadfe38f96b7ff47756deb7412a8b6b829ce5e8338;10024262;Signature Shop
c316db992c952acae7800408663e06bc84629e0683e39e897a22bb6e4711eecf;10022444;R.J. Market
824f5a653a5bd74338f989190054cb4ce855af4074faa6cd8fca03dd8363acfa;10008134;Canter Shop
3637ec8ac4af625759ca45eb1cc936b4487e0f49435c0eb482f242dba0341ab6;10022249;Quantum Supermarket
f551af06d402db360be672693ae815f6ee5b0ff9d976ce14c6d10bb9a51da7af;10025302;U.S. Market
c4da5a033a2f6aa09de25a5fe4fcbdc287ade1ccc5fda1a57da0bc3b11127941;10020181;Markets
827818f0e003da697ae52c465c3b2cee067c52655b920b0b24caed0a73698a57;10009647;Dayton Supermarket
c0aeb07f9d96fd58acdfc07970a7eb03861805239ea00ad6155ecd13b741457c;10009656;DCS Market
621bb2b5a5dd662b0fcf5255356ea8cb61225e11922e25a845ddb2470dd6e156;10025241;TeamStore
40015019f819d6d93d4c80fe0f902b50b4544bcf38d860bac455d7f0e83d330a;10022168;QualServe Shop
6e92a5825c19aa5cf86782f7d233412a9cbc209eec93506ed8e1202aff9f3afc;10008602;Caprica Supermarket
6f508dd995c968b1717dfd93ac2112ff96087959f4dc93aceec5bd477ff00d54;10019678;Laker Market
6fb36f1d7e21592082f829cb76c3cdaf746e4652857bf8aaf9b5fe24a78385fb;10022732;RC Market
7fc571f9a9f792aa54d1788f924606a67a55634e46b8f109637f6e9313c0e0cb;10010912;edit.nl Shop
3f02081b7843dc49f0cafa47241911dddcf470790d3969298a4181f3a59085a5;10025247;Telesat Supermarket
76e7a038993bcfe6d1bcb910e52394a078c9e917637ecfacec5012e8551fa1ae;10011398;Ethyl Store
b4f624eeba2be48fa9cb083c8efef740995459ee37ee847c7f1a8f85ac153272;10016858;IBVA Shop
d23d3b89ace24237c8ade0eb5d6f6c6ae79bbdb9c4356736a556d806c7a4d398;10027119;Yurie Market
eb52eb13dab12f085db43a6ffe68db6a6724786f4fb13013362b66895f941a32;10012715;Fokas Midstore
54fe24dbc4c72c0a9c52d9c448ede145747ce1e67927e5424e735e39afe4bb2b;10016045;High Supermarket
4f0018dfb9a5dfc80ba4fdb42e3f5f9866528e2ba78aa035201e3570b78a8f5a;10020715;Old Store
26920b6111e5d74b30b6f2fb21c9556cc697e6a6dc70b90d227ddaba23638632;10027381;Zero-Knowledge Supermarket
cf279378201e794c2c8e82ed5e6c96ec3469eba26c8d4b0ab015cb32edf8e0da;10022240;Quantum Supermarket
5c7efe57c3dbc818898f3de71b5e617b8abb3b1fe59df12574eefebb4f9b4d6a;10025062;TargetedListings Shop
fbe19f624fbc38415a2bc2751b4260cd60fc601aa3edc8dafd001aaa80bfcd2e;10023235;ReviewBooth Shop
88165e041e487e66000bb479943761a2e1a115f06c70d45f72071cf936fb98b1;10023760;SataMine Shop
4f36509d1f04354383a6ab78e137b05f0d827171343c0741d315770cf0676331;10020915;Ottercom Shop
5cc78c836bba61cd0d3eb0966be5952a3e174ded493bde14ffb4c24a0a4b5da0;10019942;LMAO superplace
52fd8f184348be6589eeb8a0bef88584d1096747fe73800a8156bd2ec7bd21e2;10020962;Output Supermarket
771102cac442a452920a46778d226d4631e8dd6b708a1e628b07b20df7c95075;10026009;Vectrix Shop
945b229e54c662d47f28b2a399e3d4c9997c3a63b342bee808f6d5a367be07eb;10023489;Robust Store
925d9b82193bdd70a398d9699fb20f67a494e4647313ece7f2e7fb6d9b807f3c;10023022;Renaissance Supermarket
525866302a4bbcbbe67329a5579983bb54bb0a07a6556044f62edf2f3ab0ca49;10022730;RC Shop
a139a468e26f470920b6876c3943bcf90619e4b402d7a0e788263a088b48aae1;10014546;Hauppauge Supermarket
22c0f1f0e83acbb355982215901733f7bada44b642d2426fd63bb9c30da1d788;10022252;Quantum Supermarket
64feb8a6df764e771c0eefbc98258bd1c551fd9b269048d19bced4810c823da4;10009623;Chas Market
5435370b198ea1a95d9abf17b632e2d82b8e510e9a5e0eae43f650d57e7221e9;10012234;Filmotype Shop
a43347c244bfd30d53fe143e2377f3b56de176582fd53268054c8382a44b85fa;10012235;Fimetrics Supermarket
822f9b194e7b80a85fe9dd0e6e449467202335c2b4627fdd695f95afae0e5bbf;10025269;Toledo Market
d6747522b68a5d65f845fc8d83a07b0db2092a90dd483402b46d2f701244d6a9;10007564;CAM Market
1ce0f5a71c2b8f765286a4c1c6d0d95db8f696671bd1fd82c04ded73fbeacb90;10000462;a2i Shop
ca7ea7a2b462f2a5efecb762374a87933aeee689612afe3e2aa8e3f0ba3f9924;10013472;GE Market
7d2e2d54299bbfbc6bb91298614c2bef43a2f1aced96a1bad172dc42af0a7630;10002506;ActionWorld Shop
e59601f2c8c651808959e01e53149d496dd596f04a25b32b781e03e30a9e948b;10025021;Tailwind Shop
d30dbbbeb8425bb9f46eea5be2602de40ee477856f429f6af783e120f457788e;10027575;Zitel Shop
1046417cb787756c1803b113580b70488649415e76d032ba0b52536f1c0197c4;10025919;Vanstars
5a94132f2dee105346da38a5c62df0e64a04532e8ae26d62f569e699afa637db;10009885;Degolyer Supermarket
bb9e63d441b5240544ee0d10ded3aad4eee2e223c413cb0e94a194ff9a7ca504;10015824;Heurikon Shop
48daf10aac6d4d63000ecf0e8addc97ce119c260415de115aee1894984662594;10010923;Edmark Shop
1f45362329b8be439fca2ac55ca0995b048b81bfe58f8a2f97ea7ba873a09a2a;10021977;Pinnacle Store
214a287612f160c4efe9f806ef0540b643aeb2de4c4259059274b59dbbc5c507;10022764;RealiDyne Shop
42c19b4ccc107b9e4b87c40453066f9b6b7c1b9e4cef35270ee035dfbc6fb26b;10021222;Pacifico's
d41685cfd0ac27ba6b2bea728539368f08e1bb7122f12c990ba8e1874a4e0bc9;10000466;A2Z Store
e54b333fadfe3622143d15450f780959f034b70ff28156cd0e63f8fbe9c4fc21;10010974;EDS Shop
5fdaf6de6619420d203e4f9e469cea240e5cc3e5e806c06d115836681c763ccb;10025025;Taligent Midstore
83d74ca250c50b2b5f68f726f2d79ee4cf1744bfff27e21d79f3e25acf804a56;10025285;Transalta Store
8c7c64f3b5f27a592abd4d9e2466675d2c676d8c65694cb01b5405aa03792da8;10016334;Hobart Store
c2c20fb36261c09f19c94705aceeeb6ea2bee2acb63f7c5341aed99e557e9275;10021204;Pacific Store
b8dc037eab3bca02eb4fe5b72f9edd2467ee4f8e442724d6242cc906799a917e;10017553;iLanguage Shop
1602a34279949eaef25b4c0d59641e8a84a9696bce1defb4ecc1d734621fe7ed;10023524;Salias Gigaplace
62a64d8717556f82bf2aaf0412981e047705b0a40ac64c59202a847e31a4c20a;10023023;Crew Superstore
90e662b7865ebd4c17658a683f2a3f758d0a427687686a5f617952b0d49ad26e;10009156;Carden Supermarket
bac8f54e20f1115f6121e177508ad8f732b928ec1e45ec4491dc5b58bff23d90;10025040;Tangent Shop
f6f01fc318c4d96f8d691cc537b2de52a83958251c6c1e36ee683c0bc1f031c6;10021145;Pacel Shop
7b8533b1ad30d0562e2555aac136991e962eb3ba0db91add50e7f6c3b3a7a796;10009907;Del Supermarket
0021d41e2b219ed58c6b1fc154dea604c74bab3b29f87ff0a13a37829a7255d4;10022725;Razorfish Shop
d05a9072285fee669f450a09862586bc12817629acdad123cb16b89e5a4e8b66;10025250;TICOR Shop
bfe5f8be5fbc948083b5b5eab27ae63e6e92071ffde91ef44cf4403710b2c7cf;10008596;Capitolnet Supermarket
1220e21e383ed839f0a630382370a42b94ddd99836fa714b110474ad7d9b2b98;10025814;Valpatken Shop
63dc8e367322b0fe6c56fb38d60fd52725e6cb80a6f198db09b635591c2f66b6;10025769;UUmail Shop
b58c6988db78b1600d43e5a5fb6fba5b5e097c5932f486bdabe1eef634a5ca50;10017585;Ilog Shop
401f39084919f0a6550ddbb28280749949f11312eac8d1456359cb3b354485b9;10027050;Your Market
5d41576f0139fa33b0fb3909fef69573f2e26b6e77db82d1a23ba0048e0ddf4c;10026839;Xtreme Shop
c75a1bbda3f97b658ad60d12fa3f54fb4b949c671d821af9a9d96526577a870f;10009672;DEAC Shop
1ea79e4c11b5f22aed0431ea029dba2c2512e3030341fbacffa7f59f182053d5;10024499;Soloman Market
0661bba2b7122fdf78c36552fbce8d8b1514aa967d4aafe6a33c3c675a58ea79;10000475;AA-Wizard Shop
22803b5b132be0f5372334cebc87e6f87aa9f564636b970000da3e77b2c3eee8;10026081;Ventana Maxistore
461812ecdaa1594da55e8fbc20f7b46eb65da69b6b8bd15a2c6b9ce1d58f0f2c;10025238;Team Supermarket
8a918689128450a2ca0a48d6a031ded64024593a929638fd69864198b4232cae;10020446;NACSCORP Shop
cc955280eb3f5e6fcb2156030001b93e80e3746a25685eda099028b59adf835a;10008638;CAPTA Shop
d198cc7c33a89ab1b820b233e47d4808cbf0e5552ef6729079df9bc7da561e6e;10018363;Jones Stores
821727d1c491d3e4c75d7671e4b7d84a1ef5c69adbeca69ee8f90467e0efb4f4;10021422;PAP Supermarket
e8dce01b0f206199b208e7ddce2c547ef1ca29f4dc603ab65dbb20cbeee4a73f;10022978;Relcom Shop
ad0af725e63a17ddfb112dd8320757a2297f1bf8352f1e438e3c0b82e635b3c0;10025495;UniForum Shop
01b75f01e8f5f98a0bd4c4e18ebc7d42e196277479aa09ab380e077d9814d44e;10024725;Stone Market
4c0e056aa73dfab3afb0d3504cf2e85e7b23c8ee92c456a082a7bf672d79a46a;10009679;Debenhams Supermarket
08700d32878fef3ce5235a36ed843de072f0db52f0f8d2dfd5665fa56febd246;10014043;Guarantee Supermarket
b0e2244e52ebacc981aa53f80e34f3734ca26303a2b5618f043bdc2c16fac540;10025243;Teca-Print Shop
e4bfcf1119bb3008ff38f5545a289b9a77247cc3fa5f4e95bf9518154eb210e2;10013232;Garza Supermarket
b9d523f52446455498c8823423970c91ed1738b55fc9c51ff6182517cc2f24fe;10023003;Remedy Shop
7e144d606b7be035d0d72c8a2c6e899823680ab12c0f87be80a5e4750533351e;10022201;Quantum Shop
5b43cf28475d6308aa6a84fcc166e916062cb9bd55275302b5815ea15d03bb56;10021175;Pacific Supermarket
8d1a944d7e4361f582ba13cdd85f836646fe6c7e584488adce14b20005ce5094;10027583;zNET Shop
ef2bfd6088305341d8785a90771cb775f460a2acd77d3ea07694e53b139ed840;10017638;Kellys Gigastore
d60608f7d5af4d19bbab149725c2d9ee0569af2f1750feedb523a0d0257d03c5;10003720;Age Shop
047748aa4d82bfe923abca684f428d4b2fb27092651902f3c9d0fdef2ab37ada;10025034;Talou Shop
20514542e9201f4f24ca4e48da3bf89838cb4952d0453b9859bd4c9cdc191199;10002969;activeDesign Shop
ca66f09b0d32c8467c73583c4ceb499ce82457809bd8301b3cfc36d9d6e747fd;10019880;Litton Supermarket
345d91c753030b2e2d0d5b01914f74e7c38e2e7f2ecd66923f94b4223681545f;10025251;Time Supermarket
3e54c90638177efc0c8b7bda032cf88a81795a0e087dba6428a37e66b2598411;10026055;Dellovade, Supermarket
f7bce916fbc866d0c8c1b15a00f3d51823e1fd0e8765916969a47a3332a2324a;10019664;Koppers Supermarket
7bea164c84627c54ee94ca2dba50c9d39166005a53ed59a284fc8f128e8c5e46;10014803;HCHS Shop
a40aea4b5cadcdfecbdddf32e8e6540d2c2212198cb5e4439b12e5d0fe4fd971;10025061;Target Store
56baeaaec4c3891028866b5c843a1a6b1428edac3bdbd956cc1ce3195d74ac29;10023513;Sagent Shop
9959de80d7d5d2c707d4a7d788751a1c5f9cb2755fbb22ec2c81a99dd1812de3;10012422;Finishing Shop
7564a8655b6a8be8e54dcba38f247f1fa2ba334a211678ab502e36877afbf880;10000455;Caribian Supermarket
b610a1b98e5e5cc08ff4b17208f44cd37250a012650bf08ca5c0d1a729fb882d;10022456;Ra Maxistore
9b3f771017db16d0cb719b3f66947d295058c5143dbcc4636e2f08394c827597;10020184;Matradi Megastore
f59fc71ffb6016c2c56c15817408039eca42c057ddf8cf2da9f269fd17bc30c3;10013252;Gate Shop
c4cbbeb62d7e3db8454cce60d6bf2f8344f09c97eae7beed7584d2d454cb73bc;10025296;Trust Supermarket
cd1b43fb8425221246dbe521a26c970b7cee71cde24a2ab91510ca11abfbb36c;10009669;De Store
ec84685904a8ba5181504ce9bf7a7f015699ec0f74b9376ac7b587b9bb381093;10018877;KAT Store
4347a7bec606c41e661a63c96b0748b35ff5e9df9aadfff0f2ceccaa5d0002ef;10020931;OutPost Market
f107c014a8f7038b064bdb92aa935c17d3c30629838c96c86d451c1852a91802;10026299;Watcom Maxistore
89210ea2e589916cffa059349c78261c1f7a5c2fb4704b88ab32dd05eed9e955;10020448;Nanao Shop
e9ba95fed2286cd3c021a248bdf321832b5649f4d49fef280fc8da6c88987526;10026078;Venred Shop
f7d0b83a134557e855cb42dc42137e5555e3265bb6b340d34441d55ba28f3be4;10009662;De Store
e92fe8b4a54b3ec2ecb2601de5339090cb039903ddbe0c877578381bc7e7f0b5;10027053;YourFuture Shop
8d6f683919b68fb1a577338f41e17cd32c8136c29a2fafe36cf4d623991a57eb;10007866;Camros Shop
dc6f9d9e440237228286cf2b3421d739742f68733d423717b9d944e0d49f70ef;10023221;Reveal Supermarket
caaad38022f647ba532ad384b02a534e967fb91f94b319234d38dba59ba34bbc;10018868;Karickal Store
e6fcfe2025ce90f78c6eb72bebcb251091f4bca8f37827b89b0305c009a43b7d;10024270;Signatures Superstore
eff7c42572e0c3edda31e59ba3ad0695fa1d90a7d56149e5f25be634b9e561a3;10016784;IBEX Shop
2a995db8e95f7a49bbd7e7c070d80bbe5f525b3b379a604f72abffb908aa6e7d;10007117;Bre-X Shop
2630158a833cdcf6536bc40326e761388cc2ec3684002d482415a00f39c19356;10008593;Capitola Market
820ec10121189a7f96f50e2d13a1be40fccb85cf9af978cb3703f3e1c64999d8;10023783;Saturnus Supermarket
5b65c652c5c49663c51327df633484c2cd635ad190c40cdefa7993b49018c378;10002709;Active Store
ba622b2c6061b990d969e61da611829c6b743bb4332c98e80b69ba0e49ef2a0f;10026606;Xilinix Midstore
420441f31e67dc97f8266dcc6895af637ca71c2c0d829fbc29ef4767805b4bba;10021459;Papyrus Shop
2e4e04c8edabb68ec5995a508f1ff0782f2ef4a74b177ec6545dc6906b20235c;10025239;Teamaker Shop
821d6c75e3902877ba210d0b2f09134781b580c337813ad0b02882e9d5c16e83;10011979;FiberPlex Shop
305cc206f5753fd975cf4df060b19762ef1e6161f7f9a0be12728cee27b3e928;10017290;Id Shop
d84947cf1e5c0b205b4bd19ed2b7c625a0fe27b12d0a1eeabe0298f20b4551dd;10026521;Xcert Shop
da8a890a9962125a26a1076ca2239a5db30af2907f1e5b8925fe0ef3379d84e7;10025791;Valley Market
0990387b5427f51d493316cfb34532df12d1b2e52fc7e91ab4764d90e6bb54de;10025289;Tredegar Market
821419c51ca490012ed5ce9c0ee61211df2aa46db9c43c393837814e09f1e723;10016609;Homestead Market
ab5cdaeb881f07a48b8a6a86c7f94d0a9a1a11095365c15ebdd37db0ae73b7d0;10025778;Valicert Midstore
25e39a3d930be64087ddb6a4867913c7f4b4e624da5e0e6568ae2b70b245bca0;10024541;Southern Supermarket
b0d1a9e1feea245eacbd79e7d467bad8aab1a7337d8983e0f287875d854e6943;10026843;XVT Shop
4b6bcb0144c9eab9b51c0d94331b365e3675231cc67915b07e7d10c52e5405b7;10025252;Times Store
896bb44c13ba5ba14a8bad62e19e357ce3d480ed513f11478f43d7ac80935822;10022678;Rave Supermarket
b464a0b559d0399ca2e447df87dfd7e31b06f31d9ab6c48504841518222a3cf5;10026348;WDND Shop
96b72493b94691fd2370bf1cca6ba8b2bad3f07369a49297c7bb9078128cec55;10021911;Ping Shop
e4988b153332d4127c6b6c9a2368056b8eaae858f2c8d9d7964c45a6e52a8c9d;10009633;Dan Store
9bb43aaa4d4979683b19cc474963a9ac570f879e2c17887587e40e1087317e8f;10025288;Transylvania Supermarket
3984f8af31b5c630e2fdea58106114e1294f86734511410689c7f2f74ececfa4;10002746;Active Supermarket
d6d8792c4555af337dd73c437b79ee27ce8035a2c17db771329150c3fcee4422;10025560;Unisys Supermarket
f818101735886787520265271014f84d23245ee5c9de434557176b30b7fb573f;10022750;Ready-to-Run Shop
0300858caec503091511a6899a21bed51691ba4563d54247dc12672f7d0b1bbe;10004516;Besicorp Shop
cce314a03ae47bcd0cb531b1235ead6ad1437bc124c6021498ce489902074bcd;10023509;Safetynet Shop
8fbc18370f3b04468153795a7e53cc1fa043344e118b4a6a54e5bf7cebdf313e;10025242;Teamsolve Shop
8ce5e354afdcc6c165756a88ab784ad0a3da070391571dc40c93fa111687e426;10009356;Central Supermarket
71915c2acf51001f0e57de1efc03f72cfaf548af9d6e1b7b8ddaf51c9e2b3ec8;10007577;Cam-Built Supermarket
6810bc01b5745680c442db171e56d2048bdff0b6fa5f8b7987424a3357906abe;10010884;EDC Supermarket
9effd970ef6f2dccefb5b371f260f609b1cb682c068aaa769c4282a08529cf9e;10025023;TAL Store
93ae8d15fe4cef975c131b5473358eb9e3eaf8da5e6f85cd5d9f83e7b7262669;10014739;Haz-Mat Store
5f11df6469ed3f427134caa80ae1e240c2842d1ed732b4ac2156a496f3b85c92;10025249;Texasgulf Market
4f01ef7d40fc9fa2ea61343d731c0ec6bb9f9f442df1540f45ef2fa0866e5f06;10009697;Debian Shop
efc5a55a98d04402bf0a01f4ad809517d6e140a9b7517ddeeb825c4c4d423f1e;10019900;LiveWire Supermarket
e5431c24d85213d1bda01e9ff3535e25abb03c840db2dc36728b52aa3497ddfc;10011198;e-MDs Shop
77554d0583c08f6e69f35973cc2f1165b9a1c88469cd229d2315bc4bbe62ec65;10022183;Quantex Supermarket
3bcbcb5357337eb4b06d9df8fbb0ed989bd4e25ba50815f4d79ce2a62d1d00e1;10018623;K&M Supermarket
ea20895439a02a2206bfbeea73134aaa550e2fe4853d4d88fc88f68c979c7709;10025299;U.S. Market
b53620a9299ba8b909126dd5ac2a754dc0cfec85e085d982bc02075e716c2042;10015783;Hershey Supermarket
c40206da3310bf1c757e1e6d7a08778df7c9cd02547893d46c867fd16ef44fe7;10018129;J.M. Market
2880ce20b23ff8a228e70eeaf18de64c6b285778888d5c3012459f04cd3acae3;10010969;Edorex Supermarket
d544a4185b9c8f722cb5b99649551bdaab32a54e92d97a60b26be0358dcedc96;10002220;ACRON Shop
3943a70e726f7e31cb55b7cf8d0574c1e9845187905f05775915a17f95632f74;10018146;J.M. Supermarket
121121f1c7ed5f63f9ff5f45c44f8ec98bcd15ed657773d1b2d710665b51b29d;10009643;David Store
a17bbe2554c94d78ffb5a18d101c61672f65b6e0bf49b5ad8e9cbdd86dbef98a;10010970;EDP Shop
65a44671b3423285c42fdaf47cc734f37755beb5b63d5743dbc0363002b8ad5b;10015789;hesketh.com Shop
f3fa868eeca6c9fd4709b5989410f353e0aa27f7599755ea42346074627fa78a;10021223;PacificServ Shop
aba53b7eca28ce75990593756daa93da660fe86379f20970dc032c77cf8117c7;10027370;Zeroo Gigastore
9608d0212efd8f60601281ad3a058eddb6675cbe94024b2d5ae12f87af2e32eb;10007120;Brinco Store
51b134db89c6b6d464c493999f465456776325969b2f78a271220f9d2e9fc32b;10020684;Oklahoma Supermarket
35a6e983093c35b8e82898db2b5ab2c57d6b598d1b71a793cbc57f3d239f5c26;10024034;Script Supermarket
e08cc3257431d16490f8eb55678681a143e0f31aeed7229de4ca8184c1540d28;10010887;Edia Shop
fb22d8aca13d43f422cc3e080bc08a2b5bb23cb2f5c69a5d2c6220ec84c08080;10023538;Salamander Supermarket
93d6ca8e009bbe6ea13f89c330649db9b569f8937083746d2589ca0b802be07b;10019410;Keystone Store
d66bfcdb0de9cc2ff435b11f0c6517b425e70c3cfab168cad4e7e35131880f2a;10026868;Xyratex Shop
a657fe75028171e5cd3fedd6d91d16f16da60989fab8a70433cff53d29431d6e;10021911;PING Shop
da08a50982a9b93f14b17d8b5330e2fe56752485381eea3604a3e420e1bc1e4a;10012761;G.R. Supermarket
550c0dd45f56d7d78cb19556562f42cd5ef9cc1f067433ad0c22ba83c70979ec;10011724;Federal Supermarket
c8622420bee0839e828a7510df37b10183b3202a33e9bba71484cd95c7b960ff;10020390;Miles Supermarket
91ad3feb546e2e3f7616c5864c6961d6c00f571be8e160cf48371289fb38251f;10000453;A Supermarket
5ff83548746cf9761ce7ab8490bc089dbf892bc521077e0188a396d6aba884b6;10004256;Benedict Shop
233e5a892a41e994f3ede24d77c72888f2f49e17d241e0456fe0e8ade4d94978;10000478;Abacus Market
1650180047da38f41c38fdd9e6d3dfadde48f0f50142cd5d3c55dbf7f8d4b4a8;10014047;Gulf Market
e1548375da3d963cbd642a865634f9eb060f1ec7cc1a9e3c64b0c9b5134bfc51;10025300;U.S. Market
0604c72a6365a2bd3d0be90fb56c70ceb14a4d100f32a90cd4a7c80b434b89d9;10012226;Fills
f566673677ab8a30cae5e0e8028cdf91c9956f51fbade240e31e0302f9e2eb00;10000481;Abbott Shop
48f186508f6ccae65ac8874d8caa100ce1445a241580a258647e519f6b87ada1;10027348;Zephyr Shop
ec4c3df3937bfa86f661748748fade12322a2a37e5d14b12854e82e441e793e9;10004255;Bendix Store
21074907e5ce52a71a7705590aa6697ba312db6255ff4d55d858d69fb5c5eb76;10007309;Cadtex Shop
ad699442611ad3d8acdd9b182ee25ae49d7dfb8f981f51fcd2c86a4727a8cb91;10025284;Towmotor Supermarket
18461c144ba41c637e8e57c9013f8681fcbd8af9cc8ca2cbc1d8bbff31d64070;10016588;Bounds Megaplace
140d65f016bca4d647a5abea7835feed249b91e4c860a1a12e82425be83a7cdd;10022423;Qwest Shop
fa4ccf3a25605d5a085dcfc09b00917ffc85724159cd2c05c2f98fac50493618;10025051;Taos Supermarket
017587d6627a3124edc9ab956b6e89dfec8d060256fad152f7ff64c4b2739b25;10010897;Edify Shop
8d55e41f6c2b847acb14a626d7543a0faa080b32eeffaf383d40f05dfd0cdb5a;10019682;Lamson Store
72226743fea7d9a4712d7449b170bef356a198ef061e0aeaceb85df4c401f9b3;10006093;BigJobs Shop
3c8c6748fa69068db519dc788619f2a83b1df816ae1376bafb07bb32b8878210;10009657;DC-Works Shop
104928d7bad4353067f838cb9fa4eafe183d3439fee437f150f665b62212882e;10000480;Abbotsbury Shop
8b9e94585ef713175b0cf0fe6b74fb61877bd8bfc4ff2d2a952ce33eacce7fec;10026268;WarRoom Store
485acaee5dda488e2acd1db31fad9b91b250e1a6aec0923e472a26817235cd47;10009863;Deere Store
ff12c4e0c474bb07025d0bf66bdf032b16079ac22ea024941d7d223ede8b3165;10025305;Ubicco Shop
34dd5cc82dcf9c17938ee9b90eb9d0b14d63e2aab15f0eafdcc4975b055a33f9;10009606;Champs Gigaplace
896fe934b0da060804f3126bf14b26673c7fd7ed7dfbd6ac2d1dd0f118d61aa3;10017828;Lee Megastore
239ccd30e8121ec69848ab6c0aeae21b5a378789d59e43dee102800daee697e1;10014495;Harvard Supermarket
92d158f738bda425222ad2821b9626c1c152e4bf919daacde18ce7d811fb43df;10015275;Helios Shop
b279e3d987f0f08ab4318c3b6a265448297074c881d94ffc7f7aca5c09259d2f;10018871;Karsings
66c55e2ae4b7e707f20f7420e601d44cdf8af8ef80f3c0eec4f5acb01067b060;10026581;Xetron Shop
347767d34b77bc4d587769fe1098491c333d42c4d8c556f08dca1e7d31219781;10023241;Revnet Market
622f20121ab09754ac1eaf56489aec7a1ec7879fb954a0515640aa97ff14c650;10014779;HBO Supermarket
57d149ae0fdd4a751407820479551c167f936c3b45efff26914815a93e1b372b;10021418;Panzl Shop
6514f21ef81fd79982aff07ad22892095582886b9fda9bfb22e1c15ce48949dd;10014264;Harbour Store
fe7b4432b7dfdf8e7ba76b06f0826a0118e8053fee7699764d16b2ecab963d4c;10000469;A-2-Z Supermarket
6875d465cfdc17a219927d2142e4a906310706a9d39e006efcd88ff26a18fad4;10024022;Screen Supermarket
91c8106179b7bfe804c8bef7999452bc1cb2848a05d6975a3ce38b4025f3e6df;10025248;Telus Store
d73880bced4b10daf854da367a5dc100428e4806585721bb06011ab9b3a32b24;10019105;Kensington Market
e5d4c70dbc8e0bdf899bcfddacd2cca553c510836a362c26e35fd3f5c3e89685;10009660;DDR Shop
56697bd1828c35edb1687fecaf1b6b47151490f5a554b0d086bb5687ffa047cd;10019909;LiveWORLD Shop
6f8a4b7f31c8281427846e4b8ea2a94a55c1fa437c27f3321782529e0d559822;10015793;Hetrick Supermarket
c5edaad09400a33859765fdf585e80193b7563d361510e6672e1c4252a9dbd5e;10025558;Unisys Shop
a8c79e5cd41c2e583f2c3976749f2b3e1c971e095908cb154107cc0edbca5446;10000461;A1 Store
a01c36d210e5c655e4c3b29441be4ceb33aa0eb4e80908218c2da07f9486c7bb;10007121;C Market
f3c9b76a1bd085b5f2ad215debea9dff7fd3ccddfe3da5d7075a208cb087d705;10010717;East Shop
62631b41e98a3eb435dd4cb52401ee75d8aec30038b31e0cc7e8cec2c48bd71b;10023785;Satyam Shop
1137c50b09b3218a6a884eac1800f625b517d1b77b175371df3e1b4835e42096;10024999;TAGnology Shop
e7046c055c4df8d9dc52d1f70b45eadf7804ab4d41c22280cd1d5cd686f686e5;10023759;SASCO Store
6d7625b453c19b44061620adadcf9a97bb49d1c0d72d61fa939f21fa99bf95f8;10019420;Keystroke Market
f888e97ae246d3932e8cebf100d136aaf5f8747fcff1abc478c3924ec1d3d805;10009650;Dayton Store
197272a59eb62dc8c439f4e603148639644f35c22ea00b42ebc0559c6bdb7ca4;10019913;Livezone Supermarket
aa904ef9082d33125c8e50f1bbd042f585b6f3a26a008ab73d0d301fa757719c;10012425;Fins Shop
58b8433071dcc0307075576e6fffe332810a46580ef2d5e978f0474f09974e57;10023244;Revolutionary Supermarket
579db690f7d411492e683bd060650fdc80fdd026dffc1823c6a7992074f1310a;10025038;Tanager Shop
f6d858eea10cdb3ff7b0cd3caa92345cbf0aeda3f0b1dbec7219e135a9132129;10027340;Zentrum Market
f29db7e524fcf05e492bc7f892e5e06c506474d29d1fbd7159f64bc25dd63c33;10019879;Litton Shop
fe6d39d8a1a73dc2c1009092bf8b394937c0e821ac1458aac44aa7cf3014812d;10021996;Pinnacle Supermarket
1daea7fb1ae751f0151cf312903f9720024d5b792e20416aa6f43e372d4f3d6a;10023447;RKS Shop
a6dd34a176d9e552932f5c053f2837ba0b8ad51798856bc4b0b7635b966fc1e4;10021179;Pacific Store
a332519956a633d685432826a1120a973292a25bcc72fca778002c043ae2c931;10015030;Hegemony Shop
ffc636d45d03c07a2fe9b62666a94c45b2e2e0e452753d75a77f85a035ac128c;10023780;SAT-SAGEM Supermarket
41f8e1b3fe738a8eae3e113ee3f16e585b11cfb740fad612a1f2e502a62c34e3;10023516;SAIC Supermarket
c9519fb30f84e1090d9d5f370bd3585ccf16c0d7e194bb7c52c6cd937813ebb8;10000456;A&B Shop
0e3be38c4c2a89188e4205c68893dd21514851e89e7f12cc010c36e297d9a871;10022755;Real Supermarket
d59aba6fa56eff9a63f3ad48a24fbc18b3f3d5afdc19dec4b52012e072cb5c2c;10016564;Home Market
a97fbccb5198f1f33a42d2a5cb341c366651f735fb7a25dd4cd1c7398cd2105f;10021415;Pantech Supermarket
8a306d3c55a3c14ef38b548c58b14f4ca74492dfba41195634fbbb0468952c48;10026006;Vector USA
2c475e6a7222e0e5da6113fde347eaa768972620c700c3698f814e99bdb124ea;10025575;United Market
7d2a53c2400980dd37b6931ca8ba564fc406709f4255718e03103f55c92e9eda;10027082;ySecret Shop
9cfafdab05b3d494f9f91c6f3bcdfd12c64bab684e50f51624ccd7139413cee2;10009985;E Supermarket
efce156221a053632527fde59f70ecef13f4ec36f0618e3149117714a222037a;10010886;EDGE Supermarket
abef74727cc7da6504d756e496db414daf3d1b7f646a78782ec312149af2a11e;10026062;Venable Shop
ae22ee5b69422718aa2b2de762e6e277410720aed362fcc31154a4ce893e9deb;10015011;Hederman Supermarket
46a796419c0af08d328d4fb2023855a335c3f8f90fbe108aba8ab21fc52642e2;10000458;A&R Market
ba15162a93d917f507578b5f9437dba1f6141d3894a1ae6996b75fc38772c2dd;10019617;Kool-Seal Shop
336bd40084e0c26ec093cdf50911bf0451a1fa1a78a695e3e902078bee899726;10003795;Bechtel Supermarket
a140cd54e1ba9add4d69a446ae46ff6fe3bbd34f235113169d724745771cf54a;10025287;TransCanada Store
dcfe16ec2d5e06f1057417308eea0536ff421cf38694ef27e287401577b5dbae;10022470;Racal Store
037c218cee477d2adc9c05c3799d7e6c0c1a91b6cb5e510e7b0c27ab8b1a1dce;10014469;Harte-Hanks Market
c4c33f573f3c342889909747cd27806a506c6db06c625c3f7f46ebbdc56d745d;10018371;Joy Supermarket
66b3bed43ca7d0266776d597a259b07f7cc2f70239e8d428ff8293c85563fd1d;10000471;Aadast Shop
6ac641b70aea6163df2a03fc7262e244244b4b6d77c8ca11eb553eca4df6f045;10023511;Sage Supermarket
e25ea913acefb99dc211113de0a5c7cd9d9c679e33eabcbde13a7527bfe3cb41;10021986;Pinnacle Supermarket
189fffb0e1be6b01eba87b22f4c7356117a0940d193d7f064f9c77277b1f24e1;10023793;Savetz Store
4fd4702cc11c43944cdd77feebe5a78abb03e043ba1edcfe2ae83fe686a0340c;10027356;Zero Market
d6d4e22ee8e916016f180dd46c11bce4f79167ce4414d28861793f1a828da267;10027560;Zilog Shop
58678b7045a7cb9e33a1990bf667da8619eb223598ac92a339f756b72542bfbf;10011734;Felidae Enterprises
35d69876c622822853e2f598a97e1d23b728cb234d7997ce4ff0dbfb9d7ff4b2;10024010;Screaming Market
efab1415058e94699b6946497a36a8212d4a740b75bfe7168359b3f568aaa4e7;10013509;Geac Shop
60f0c80d80c028a140e83aaf681c7ee4d48bef43fac4c1b94c129eae62c0e6c1;10013188;Gartner Supermarket
a57e1335fbff88e86c419d623f3eecdc4c982eb4f320c5472817ba1d400ddc23;10006846;Bizmarts Shop
d06ac08bfad5a8e519e912162d79dc543604ca4951353f259883422b93e650ba;10013011;Gamacles Shop
755b64596ca285175a8f503d17f694747f2edc60023a4732b330a15c723e8f55;10021485;Paracel Gigaplace
3d1f6c799e00de9f533133a9b5946319985775ceb3013654275e9632299416cb;10009652;Dci Shop
546af6b16bd436e13e43595a928c7d88fc4c98a6e5c08038bc923a0ac7205519;10013765;Gemini Supermarket
047467586f1132e31be6258f3effe02c5ffcd0a56a9124ab81b6e31f832f3a9d;10019665;Labatt Supermarket
a7eaa6133996d11365152ba1e1c9302244869bf80dfe7821ae0b698c6f3154cb;10023212;Reuters Supermarket
dd9d88286d150d44075632c22750c85f89071a15998c6eb576bedc1cf43dc424;10026291;Warsun Supermarket
bfc11d0f6b872bd8f09dd37f50c1e30222307dfc04de8a3aecd321db303e04e9;10006848;BizNet Supermarket
27b53631e5f1b71ae5f707be4e5ceaff92de37e9214bc1785c1dc423fbf16a3d;10021668;Pathlight Market
1a04480bedfb8667ed7e24523945d5dc8fbd3721d0b63624a141a9fdd82564c3;10027572;ZipLip.Com Shop
cdba1b7378418e9330d4931a378258a429c8c4a756878b521819d7f262cecbda;10015267;Helfand Store
daa2a327369ed62a967a56d9122d1bc5a8d904b419f9f366cf49f2e35109e49d;10017072;Iconation Shop
6a0f281700d8696ae15476f236fc4c861daaed06f1482c5d22a2ea63e93bab18;10020663;Neos Gigaplace
3843364d08ed3dc584dcde0dae91d3dbf2cdbe581ce98ff932ce9a003da57524;10022450;R2J2 Shop
419b4e39580bed6dc0adc6112e148a7f46f71a56d3c6b382e814da6371bba05e;10025237;Team Supermarket
48d870ac486490a122c478a57d7a923704832b8ef7c0d4da523cc066b37c1feb;10009654;DCS Store
df5720a698b9e97d8290e5ac00294c8e5aefe53c4d20dab7ed330db8a1e0721f;10025515;UniPress Shop
48f5d26af2601397249a39de79ea56e72f71ba20edc83761174a9a9e7042409e;10007122;C Store
f45cd8e230c9533b81af931f9afa9a38154445f44d1cfff949f818bcc13d6f31;10025037;Tampere Shop
c3520bd70425e51d7cadbe842107e41f3e9078593f5cbe066f282e740ccf1b47;10024016;Screen Supermarket
ded1d2cae14ebdac18ae69ebb3e5b35424d9104cfcfd2a266a9c3fcef6b2f196;10004245;Bens Megaplace
d849be935cb12ff0cf95f9d6deb2f908d56f7f547eb1b595b3b3998ed3bd3e41;10025291;Trend Market
a0cc3666184e7e4d1bff9cb5319760c39838c9383fbe4d33336abfdfcf621b15;10009642;David Store
aafeb66dae87eae5120671c0b65e789ff5e2c0d2a5a26b98cf6a4ebbc23b6f84;10017307;Idyll Store
d7f9196089d22afd8ff2124dd5793af41f6de18d09d19964d7ac6c352db39a2c;10026532;Xediom Shop
3bffddfc526acb9adc187d583bc9c7c24320322a915c2df26ecdb0ae9b6452a7;10020393;Minneapolis Supermarket
0ee0a19fae03b8080c80b0df6ac295d9dc12899a04ebf07c239d765d885889e5;10025758;UTStarGate Shop
6f25290da87ad68c3c3701877647584ef612159e2c8126bfb8e01933f41d298c;10018665;Kaim Supermarket
d2e22f1858da9957f8aa1b483fccb2d2f034bbf1eefb26d870ccd4f192ffe5c7;10011732;Federated Supermarket
33ddf80b3359a9f94d350c682146457e712b470d62e0e858f63227cfe771ff36;10002501;Action Supermarket
a0ce5a5b8308d7cdf10fe1b805f46893bda29a3f4ef8f25cc0d0a08d3d8013d7;10016303;HMR Shop
9dca3de4529ddf09747afb743b44233b9e5b20143402006701ece3b2dc88bf5d;10023471;Road Warriors
3f13448c66e6bfe50c317a0bbb654f5c0687f38909b72c691a440bca17de27cb;10014540;HarveyOpolis Shop
7f4a9c139862790041df8935653d0187d3a5391c3ca422319b1f5827cbe88a5c;10024255;Sigma Shop
828f5348ae81d0a52f339d1b01c503f4daab1b3fbeefbde8f937a36dd527ff28;10002526;Active Shop
a6fe5f0f8ddb2d3864597558f782eb4bcd2699ba7b7f45fcae6aa5a40026fb5b;10014238;Harbor Store
9b3d0f89fddfb210cb48524f24d296475cbe617155a37eb2afa81b2acabe47e7;10014804;HCS Shop
8c33eb1b3ba3c9ac6e306b2a7efb49d77d33244f07fa1d5b251ce9b011b93283;10024246;Siemens Supermarket
b58d4fbe2efa17d486ae159d042a4cff172c629ea47d717640f6590c41da56f3;10010914;Editor Shop
83baf6768747b9d227b4dd3c410d7c1c4b1096156cc61e44e9a70b7a5b394d01;10004302;Berkeley Supermarket
2b18abe3279c27f69c042cd6a3dd72b32445140b10afa57278e9261eb30e4d7b;10024550;Southwire Store
48077f6027431d1cee700aa2255ea517a5c6ba8225e8a30762822d8ce5247c5c;10002244;ACS Market
2285ac7a6a813bfdf283d1c4d3f95a496c6e8e8a63438a3667ce3a83b28b2179;10009653;DCP Supermarket
c015c48b634034eabec5c51a4214f07f42d32f77cb07582de556926f4ed46ce6;10018628;K.C. Supermarket
36d546cf79726f3e27981fffb557c0a37f3e25d7e7b520b7e90e9702e136abc1;10016542;Holy Supermarket
84b0f79f06d83ad386cdd16df408549570dcc81613ff66d6fdcf2d7633d21ec1;10000473;Aaron Supermarket
eafa6c48af110003bf7a3f369bee875b10bac7e7e72d55d2e129d718e6c61b4a;10018580;K Supermarket
e6b15ae1a2c04f3fe857c58e4aa21c16a5aaf5a234791f54b409af5690c374ec;10022434;R&R Store
a7d0a288f52db0d46b1e155cec1d18be839c54a8a5efbdcee3d975de59cacb64;10020672;Oki Shop
cc7e79f4d21238403bdae9fc5840d0247d01210accd8d5e570daed45ff6be2c5;10020639;NECX Market
86985cec8adae67dda8010a2deb8ac8e65fcb679a399209cdcb3da01fb07a182;10019400;Keystar Superstore
f211e75fd98c9452bf4097298df33c8666f853c26883e26feb90cced65f377d8;10005006;Betacorp Shop
c7e24ebe43f1c29e658a6e11bcf82d6bc18c47df92b984534ee9a7ae5a5f62c5;10022687;Ravenwerks Shop
482b2b70dfd73915ec8c29bd8faf931ec6896eeaca2db3a39c22c1a9d9ffc8d4;10002489;ACT Supermarket
cda045fa6ae07490bf9621a80418aecbc417b57df49705d27ad2d16be4398a2c;10018644;Kabbalah Shop
8c537c6162f83318e31d9e81d389eed4d0669aaf9fea9d8524234ab09bd69f7f;10016548;Home Superstore
fc3311d0964e70ed4f8c88260e6832de2162cf961f770e506e44595e1614247c;10000460;Meals Market
59aa464f3c3000b8ad24609202a72189ada2a78d18741d0da99f94780024ac63;10020907;Onebox Shop
d9faa7746292da98a6348999d3fb63098e20adf5d4af3ebaf166650ab3ae4124;10021470;Papyrus Supermarket
7f24d1060bfa470575010b70e55394d2ebd29ff9c8c4af7aae6ee9d3dbf69b42;10024743;Stone Supermarket
dc9c54647543bc2232955e5970c33de4801340b216433002ba7ef40ac2cc21ce;10002765;Active Store
422f787c4fdf2ca4fef3eac5c0dafa5a3ea05f91d6cb725043d4dfd8c1479cd9;10026522;XCOM Shop
f06be7d486e4c37f6ae524452a4310f3ea1f2d563efd48de16a7ede66f9a05ba;10020914;Onetouch Supermarket
15e67dac37cb292df9a8749c9b67175676341a069dcd29319955dda5ada4abea;10025022;Take Supermarket
2455786ee828ce57e3a4d28610bbfe2ef62a047fd8b2a3f715b57072df8c84bb;10015495;Hennings
0a756b599b1f8b11e31573e364eeca68a646d2c2996f7a2dc9aa9d85c562046d;10009639;Data Supermarket
f96e3e649212d41d21b143c165a9f4d95b6b0643f9685b67c91078ae74ae6a2a;10019109;KentISP Shop
0ae4e0fbb1276f827e0e8651115c568e5764aa030bd83f39db941bcea9f90277;10011521;Farr Market
f0b475417d44a269c91b38a7cf9a71ca3b1abc4016286d41012052a87b9871f9;10025033;Tally Store
0b226b950316bc36bf04fe5ca06e9a49483c6b5f58fc682d8ab5f5b78828ddf2;10022167;Quallaby Megaplace
b2d870fd46f510f9ca626f14da8f2f862a9ecd4d9a4d5208aaf2782f4b5191b9;10020413;Molson Store
ef5aed86c4d1c2269b3ec1e50af5ddc6eefc2c153b7a716e56e25bce324a7fb3;10024248;Sifton Supermarket
aada26d2559205e00febe511311e2d404190dc03702a467c7798c09ec094a8da;10023703;Sarcom Shop
1a905e8733450b7b62e48781e3b7f5b7cf3f603d6e7f6a0b51a0cac5a11cef85;10007566;Cambio Shop
14d04dde10df8097e534aaeb40ef6f864b3b3909de5a11190fdacf2d4033c6f9;10025039;Tandy Superstore
62590cbbee4a084fd736eb3a385c82bcad362f4950a2190933161692b4a2eced;10021184;Pacific Supermarket
5f262c650e1e3f78cd281a7bbf526a07fb58ee6773ebc899b2f83bab84d4b317;10021203;Pacific Market
68c1578efcc8a2713a8f447ae3bf1a00c08c88834b7ab0429f6347d9e9abcb3c;10025049;Tao Store
3c6fcfa512b9ba84475e1dd5f8b7ed496fc5cdf4c666ffe4723896531bb2441c;10024477;Smith Supermarket
41ae0c61fbcf86de7a95a67a50e517e6d8c16949d4f1be07c468ce12f70a6c58;10000601;Radio Market
16b236904d931e787f49b1bb0160e8aac14f37c12d5e1829d2319fb4f1fcdcab;10017054;Icon Market
d1a091bbe9cda899db9efdfb3665aabe472dc1ed37eb3d56a9619902ec7b73d6;10023715;Diss Gigastore
f7d0a74f994d4e769fe8ca9c31ae2e2a2f9d8de18be3725a2981cbc1b59eda2d;10021936;Pink Supermarket
252e2eaaa0ca75d8ba8fdbf90d3cdac26b9506695ac028580b95299e697ea9f4;10020662;Nematron Shop
591e757c88d742d769b0c21fc0ff44d068696e5f08bd1f638739885e4800a9e6;10006805;Bitstream Shop
24723d81eccfe3c3b5456b1909544212450f2b87fa35229a579d70a0502d7eb5;10011981;FIBERWORKS Shop
b831f81a2b0bc8d9163eb140a17f1efdc02427ab3d5c47f11244566a58628feb;10019897;Livermore Store
fac78fcf28cfb06cd4acb586f9a21d295ee12fddc011d209ca54f19728cc94a2;10016047;High Store
8f5a550cc021bca56ece2c56babea5393c99267bd93d29d42af77f19785c9744;10024006;ScotGold Market
78b8a6a173964e77b550a2355e531c62eab59284fafd23206fa775ba949b3292;10018603;K&K Supermarket
8e8e5e510c6939ee70e225f7a52ccb32efe01c98b7ca811c10a0032c00678705;10022490;Racal-Datacom Shop
0e561c5bc200aba7f6100cb474b1b85dc9c61d74db94a841a3c2ad5b0ba38fbe;10006862;BL Supermarket
4577f962943544b107611090b7e4523e398869172bb06ab2d52e1c8e630d8f15;10020449;Nancy Supermarket
061f596b79a5ba81684630332b4562eac9a4aeed1a661b03d330b141e5ab22ec;10021158;Pacific Supermarket
fadfca947d9796ef0293dcb397891177b96752bdae2d537a1131c4e000b4dead;10007123;C Supermarket
56a67a2fd688da3b02dbe408a01ba9fcb557e307f918eabf24f2d10f25bac63c;10020193;Maui Store
977005b099cd529fe5806d5913abeed1e601cd31c22603a50b64bc5bcea28bbf;10021231;Packard Supermarket
393f9e700df5ae0c65f0af5a87e1371ad2a7e4fcde75c8667d488dfc394b41ff;10016807;Ibis Shop
e1ee0b3bad060940f00d50f30ac82c77f4ce412a6ba070b1d692336ad2291d32;10010935;Edna Megaplace
99e9d62ac84f537e3e1ea7b3b2a617c12fe79247382ba763337ff8de4321e625;10002240;ACS Shop
c775e06fcd4bd0165216b101473db00963db6643c91c94fc43e92755560b7be3;10017036;Icon Superstore
8e1e600466bb845e20da33f27a70964ca4b6e500dc36dd930777900abb43622b;10018885;Kawneer Market
f404e7972ee09f059b456c33e7381168f598ce640b81624d2805607b0cc95b83;10022431;R&J Shop
d838cd7106dd53ddd33f7f540d774919770958529cea724e27a87fc378d73388;10017314;Idyllwild Shop
868ae031f428080211ddbd33d0af55f4bae599c315d635ab214e98f53437bd9a;10014810;Healtheon Shop
3cd65e5756ddadd9bd56c7b8e134c56446052e275a4c1172d26b71d5aad5748e;10024003;Scientific Supermarket
2749d29bf7dfae24ad9089ed14bef70f110b7127de6e3902fc1bda9f1d2ad790;10026336;WBM Store
d00b353fd8e05a02c601b62db2f2a0a6c598e8c9ae8ee245decab5dbba24a543;10025032;Talkland Shop
0a7e3fd6e27cb1dff05344eb39f744d6154f165bbd763ca96b2660d510505894;10007355;CAF Market
dec0d2b1dcc0b9e5b8fc1161aad8d6c40a1aff11dcd63e210e817454f3f19b75;10026355;We Market
3dee3bc66838e920f502bc17e471cf5b2b6c14f44153f8be2966c55e02bb9b30;10013238;Gastown Store
ebb527b06d2ed0626fca509cf496c798c00c8e33bb0319e0141bbb1ac801a7ea;10023778;Satronix Shop
49d9e82a0cda10d0ee98af68bb7b6a9537f34a4d766096a9bf0dcd8325d64dbc;10019150;Kentucky Supermarket
